subsystem,body,mass_kg,nsolid,gx1,gy1,gz1,gx2,gy2,gz2,bx1,by1,bz1,bx2,by2,bz2,ox,oy,oz,ea,eb,ec
HumanoidUpperBody,base,39.9196827132856,191,-104.99999999999989,-120.008527596692,4.50216116425576E-14,105.00000000000011,120.00852759669181,564.30000000000052,-104.99999999999989,-120.008527596692,6.4184768611141862E-14,105.00000000000011,120.00852759669165,564.30000000000018,0,0,0,0,0,0
RightArm@HumanoidUpperBody,body6,0.553373883901052,13,-37.000001584134225,-646.00001562500267,123.0999888278058,46.799988661191065,-588.00001562500256,202.00001460681736,-37.000000016715823,-646.00001562500267,123.09999125397881,46.799986823835951,-588.00001562500256,202.00001460681736,0,-103.27694,299.98623,0,85.000000000000185,0
RightArm@HumanoidUpperBody,body7,0.268223746689239,2,-27.500000033397377,-685.50001562500472,115.0999937635046,27.499999966604076,-598.00001562500211,184.59999999982358,-27.500000033395921,-685.50001562500222,115.10000416848997,27.499999966604079,-598.00001562500211,184.59999999982358,0,-103.27694,299.98623,0,85.000000000000185,0
RightArm@HumanoidUpperBody,body5,0.824677932475057,8,-37.800000000232934,-632.00000000011812,128.49999999982194,36.799999999831627,-491.50000000003593,185.49999999982222,-37.800000000232934,-632.00000000011812,128.49999999982194,36.79999999977985,-491.50000000000648,185.49999999982194,0,-103.27694,299.98623,0,85.000000000000185,0
RightArm@HumanoidUpperBody,body4,1.16723559969116,12,-43.000000000049475,-495.50000000002643,112.99999999999885,42.999999999955207,-314.50000000000352,210.00000000000031,-43.000000000044793,-495.50000000002109,112.99999999999899,42.9999999999552,-314.50000000000358,210.00000000000003,0,-103.27694,299.98623,0,85.000000000000185,0
RightArm@HumanoidUpperBody,body3,2.51512541587895,22,-49.500000000002757,-383.49999999999994,107.5,49.49999999999725,-94.848145290858625,206.50000000000003,-49.500000000002757,-383.49999999999989,107.49999999999999,49.49999999999725,-95,206.50000000000003,0,-103.27694,299.98623,0,85.000000000000185,0
RightArm@HumanoidUpperBody,body2,0.828968545332762,5,-53.00000000000216,-97.000000000000043,122.99999999999977,55.999999999998586,34.000000000001343,190.99999999999991,-53.000000000001371,-97.000000000000014,122.99999999999977,55.999999999998586,34.000000000001,190.99999999999991,0,-103.27694,299.98623,0,85.000000000000185,0
RightArm@HumanoidUpperBody,body1,1.69423761936472,15,-41.000000000001123,-50.00000000000108,86,47.00000000000076,50.000000000001123,215,-40.999999999999353,-50.00000000000108,86,47.000000000000945,50.000000000000909,215,0,-103.27694,299.98623,0,85.000000000000185,0
RightArm@HumanoidUpperBody,body0,0.225061188030301,13,-58.000000000000654,-50.000000000000277,-3.0000000000000036,58.000000000000561,49.999999999999986,91.0000000000001,-58.000000000000021,-50.000000000000291,-2.9999999999999982,58.000000000000561,49.999999999999993,91.000000000000085,0,-103.27694,299.98623,0,85.000000000000185,0
RightArm@HumanoidUpperBody,body6_1,0.0263409002376949,7,37.799984992765943,-623.50001562500927,189.50001303940277,50.799988994694488,-530.50001562500984,202.50001650773061,37.799987024820034,-623.50001562500927,189.50001650773132,50.79998799421513,-530.50001562501041,202.50001650773061,0,-103.27694,299.98623,0,85.000000000000185,0
RightArm@HumanoidUpperBody,body6_2,0.0661164229067656,5,34.799993763646988,-556.0000000000075,138.00001170543638,53.599988661201209,-518.000000000006,202.0000169412717,34.799993763646988,-556.0000000000075,138.00001484027169,53.599986823846095,-518.0000000000075,202.0000169412717,0,-103.27694,299.98623,0,85.000000000000185,0
LeftArm@HumanoidUpperBody,body6,0.518069596442074,11,-37.000021315617147,587.99999999997681,122.99990156680707,43.799903169337028,645.999999999977,202.00012869822166,-37.000014851324536,587.99999999997681,122.9999103817524,43.799903169337028,645.999999999977,202.00012869822166,0,103.27694,299.98623,180,85.000000000000185,180
LeftArm@HumanoidUpperBody,body7,0.360479048099239,2,-27.499999837336695,597.99999999997715,114.999945053905,27.500000167257774,685.50000001327157,184.50000000021595,-27.499999832742226,597.999999999977,114.99994505390501,27.500000167257774,685.49999999997692,184.50000000021595,0,103.27694,299.98623,180,85.000000000000185,180
LeftArm@HumanoidUpperBody,body5,0.50246428727,8,-37.800000000000729,491.5,128.50000000021842,36.799999999999486,632.00000000006889,185.50000000021865,-37.800000000001035,491.49999999999983,128.50000000021865,36.799999999999088,632.00000000006889,185.50000000021865,0,103.27694,299.98623,180,85.000000000000185,180
LeftArm@HumanoidUpperBody,body4,1.0636289371,12,-43.000000000001585,314.49999999999994,112.99999999999946,43.000000000000107,495.50000000000028,210.00000000000097,-43.000000000001577,314.5,112.99999999999986,42.999999999998415,495.50000000000028,210.00000000000097,0,103.27694,299.98623,180,85.000000000000185,180
LeftArm@HumanoidUpperBody,body3,2.77073913267,22,-49.500000000000142,94.848145290857474,107.49999999999999,49.499999999999893,383.49999999999881,206.50000000000003,-49.500000000000114,94.999999999998678,107.49999999999999,49.499999999999893,383.49999999999875,206.50000000000003,0,103.27694,299.98623,180,85.000000000000185,180
LeftArm@HumanoidUpperBody,body2,0.2849224782,5,-52.999999999999957,-34.000000000001165,123,56.000000000000483,96.999999999998607,191.00000000000011,-52.999999999999943,-34.000000000001165,123,56.000000000000483,96.999999999998607,191.00000000000011,0,103.27694,299.98623,180,85.000000000000185,180
LeftArm@HumanoidUpperBody,body1,1.6893313261,15,-41.000000000000867,-50.000000000001627,86,47.000000000000348,49.999999999999645,215,-41.000000000000952,-50.000000000001513,86,46.999999999999289,49.999999999999645,215,0,103.27694,299.98623,180,85.000000000000185,180
LeftArm@HumanoidUpperBody,body0,0.225061188030301,13,-58.0000000000003,-50.000000000000213,-2.999999999999988,58.00000000000005,49.999999999999993,90.999999999999943,-58.0000000000003,-50.00000000000022,-2.9999999999999925,58,49.999999999999972,90.999999999999943,0,103.27694,299.98623,180,85.000000000000185,180
LeftArm@HumanoidUpperBody,body6_1,0.00733183019354949,7,37.799867909581778,530.49999997578266,189.50011488819476,50.799903130205095,623.49999998086582,202.50014544661533,37.799885497124485,530.49999997578266,189.500124878466,50.799903130205088,623.499999979204,202.50014544661531,0,103.27694,299.98623,180,85.000000000000185,180
LeftArm@HumanoidUpperBody,body6_2,0.0218984330646608,5,34.799945148178708,517.99999997822658,138.00010313515642,53.5999001918778,555.999999982821,202.00014926642677,34.799947792662309,517.99999997822658,138.00010313515642,53.5999001918778,555.99999997822658,202.00014926642677,0,103.27694,299.98623,180,85.000000000000185,180
