subsystem,body,solid,fullname,stl,x1,y1,z1,x2,y2,z2
HumanoidUpperBody,base,어댑터_260518,base.어댑터_260518@HumanoidUpperBody,,-104.99999999999989,-105,6.4184768611141862E-14,105.00000000000011,105,13.500000000000064
HumanoidUpperBody,base,C1_TN_DAUGHTER_BKT_USB_GASKET_1,base.C1_TN_DAUGHTER_BKT_USB_GASKET_1@HumanoidUpperBody,,-37.699999999999974,69.100000000000648,63.805399999999985,-7.6999999999999709,72.100000000000648,68.805399999999992
HumanoidUpperBody,base,C1_TN_DAUGHTER_BKT_USB_GASKET_11,base.C1_TN_DAUGHTER_BKT_USB_GASKET_11@HumanoidUpperBody,,15.500000000000014,69.10000000000062,63.805,45.500000000000021,72.10000000000062,68.805
HumanoidUpperBody,base,C1_TN_DAUGHTER_BKT_LAN_GASKET_1,base.C1_TN_DAUGHTER_BKT_LAN_GASKET_1@HumanoidUpperBody,,-1.2999999999999678,69.100000000000634,63.804999999999971,14.700000000000033,73.600000000000634,68.804999999999978
HumanoidUpperBody,base,C1_TN_DAUGHTER_BKT_GASKET_1,base.C1_TN_DAUGHTER_BKT_GASKET_1@HumanoidUpperBody,,-22.499999999999986,53.000000000000639,64.149999999999991,27.500000000000018,54.500000000000639,69.149999999999991
HumanoidUpperBody,base,C1_TN_DAUGHTER_BKT_SPONGE_1,base.C1_TN_DAUGHTER_BKT_SPONGE_1@HumanoidUpperBody,,-6.0899999999999705,67.700000000000614,62.299999999999969,10.91000000000003,68.500000000000639,72.299999999999969
HumanoidUpperBody,base,C1_TN_DAUGHTER_BKT_STANDOFF_B_1,base.C1_TN_DAUGHTER_BKT_STANDOFF_B_1@HumanoidUpperBody,,31.900000000000027,64.450000000000642,65.699999999999989,38.300000000000026,69.100000000000634,72.09999999999998
HumanoidUpperBody,base,C1_TN_DAUGHTER_BKT_STANDOFF_B_11,base.C1_TN_DAUGHTER_BKT_STANDOFF_B_11@HumanoidUpperBody,,-33.299999999999969,64.450000000000671,65.699999999999989,-26.899999999999967,69.100000000000662,72.09999999999998
HumanoidUpperBody,base,C1_TN_DAUGHTER_BKT_C_1,base.C1_TN_DAUGHTER_BKT_C_1@HumanoidUpperBody,,-41.999999999999979,54.400000000000645,61.699999999999974,45.500000000000014,69.100000000000634,74.199999999999989
HumanoidUpperBody,base,C1_WS_PW_BUTTON_C_1,base.C1_WS_PW_BUTTON_C_1@HumanoidUpperBody,,28.850000000000016,73.177600000000623,165.39999999999998,45.750000000000014,93.677600000000638,170.09999999999593
HumanoidUpperBody,base,C1_WS_SSD_THERMAL_PAD_1,base.C1_WS_SSD_THERMAL_PAD_1@HumanoidUpperBody,,-40.199999999999989,71.200000000000642,84.889999999999972,-21.199999999999982,72.950000000000642,149.88999999999996
HumanoidUpperBody,base,C1_WS_2242_STANDER_PAD_1,base.C1_WS_2242_STANDER_PAD_1@HumanoidUpperBody,,-17.399999999999984,71.200000000000642,124.63999999999997,1.6000000000000145,72.950000000000642,146.64
HumanoidUpperBody,base,C1_WS_M2_BKT_HDD_MYLAR_1,base.C1_WS_M2_BKT_HDD_MYLAR_1@HumanoidUpperBody,,-44.199999999999974,70.350000000000634,82.589999999999975,-21.699999999999978,70.600000000000634,153.23999999999998
HumanoidUpperBody,base,C1_WS_M2_BKT_MYLAR_1,base.C1_WS_M2_BKT_MYLAR_1@HumanoidUpperBody,,-50.59999999999998,72.200000000000657,82.739999999999981,-41.199999999999989,72.300000000000637,153.08999999999997
HumanoidUpperBody,base,C1_WS_M2_RUBBER_1,base.C1_WS_M2_RUBBER_1@HumanoidUpperBody,,-39.799999999999983,69.203000000000657,155.89,-26.799999999999983,72.843000000000629,160.89
HumanoidUpperBody,base,C1_WS_M2_BKT_GASKET_1,base.C1_WS_M2_BKT_GASKET_1@HumanoidUpperBody,,-53.199999999999982,70.700000000000642,82.539999999999978,-51.699999999999982,75.700000000000642,153.29
HumanoidUpperBody,base,C1_WS_ST_BTM_BKT_MYLAR_1,base.C1_WS_ST_BTM_BKT_MYLAR_1@HumanoidUpperBody,,-38.84999999999998,53.170000000000648,65.639999999999972,-27.149999999999981,53.345000000000653,72.539999999999964
HumanoidUpperBody,base,C1_WS_ST_BTM_BKT_MYLAR_11,base.C1_WS_ST_BTM_BKT_MYLAR_11@HumanoidUpperBody,,-38.8,53.170000000000634,155.68999999999997,-27.099999999999991,53.345000000000638,162.58999999999997
HumanoidUpperBody,base,C1_WS_M2_BKT_A_1,base.C1_WS_M2_BKT_A_1@HumanoidUpperBody,,-51.699999999999982,53.300000000000637,65.639999999999972,2.2000000000000144,75.200000000000642,162.58999999999997
HumanoidUpperBody,base,C1_WS_M2_BKT_CU_FFC_A2_1,base.C1_WS_M2_BKT_CU_FFC_A2_1@HumanoidUpperBody,,-49.699999999999989,57.900000000000645,80.339999999999989,3.1000000000000125,72.600000000000634,155.48999999999998
HumanoidUpperBody,base,C1_WS_DIMM_BRKT_V1_1_2,base.C1_WS_DIMM_BRKT_V1_1_2@HumanoidUpperBody,,48.000000000000014,70.200000000000642,78.739906200314351,54.071107066230013,76.500000000000639,155.76009379968946
HumanoidUpperBody,base,C1_WS_DIMM_BRKT_V1_1_1,base.C1_WS_DIMM_BRKT_V1_1_1@HumanoidUpperBody,,23.000000000000014,53.200000000000635,65.699999999999974,55.500000000000014,71.800000000000637,162.54999999999998
HumanoidUpperBody,base,C1_TN_DIMM_BKT_MYLAR_1_1,base.C1_TN_DIMM_BKT_MYLAR_1_1@HumanoidUpperBody,,54.071100000000023,64.500000000000639,83.229999999999976,54.171100000000017,76.500000000000654,153.73
HumanoidUpperBody,base,C1_TN_DIMM_BKT_SPONGE_REAR_1,base.C1_TN_DIMM_BKT_SPONGE_REAR_1@HumanoidUpperBody,,49.469952807689488,70.999999999999034,84.53,53.255722472631795,76.870952336005971,150.53
HumanoidUpperBody,base,C1_WS_DIMM_BKT_SPONGE_TOP_1,base.C1_WS_DIMM_BKT_SPONGE_TOP_1@HumanoidUpperBody,,44.500000000000014,71.000000000000639,80.899999999999977,49.000000000000014,73.050000000000637,153.39999999999998
HumanoidUpperBody,base,C1_WS_T_DIMM_SPONGE_1,base.C1_WS_T_DIMM_SPONGE_1@HumanoidUpperBody,,24.500000000000014,71.000000000000625,144.09999999999997,44.500000000000021,72.800000000000637,154.1
HumanoidUpperBody,base,C2_WS_ST_BTM_BKT_MYLAR_1,base.C2_WS_ST_BTM_BKT_MYLAR_1@HumanoidUpperBody,,32.250000000000014,53.125000000000618,65.699999999999974,43.950000000000017,53.300000000000622,72.6
HumanoidUpperBody,base,C3_WS_ST_BTM_BKT_MYLAR_1,base.C3_WS_ST_BTM_BKT_MYLAR_1@HumanoidUpperBody,,32.15,53.125000000000604,155.64999999999998,43.85,53.300000000000594,162.55
HumanoidUpperBody,base,C1_TN_BTM_BKT_SPONGE_1,base.C1_TN_BTM_BKT_SPONGE_1@HumanoidUpperBody,,50.500000000000014,53.000000000000647,81.299999999999983,56.000000000000021,54.300000000000637,154.29999999999998
HumanoidUpperBody,base,C1_WS_DAUGHTER_BKT_GASKET_1,base.C1_WS_DAUGHTER_BKT_GASKET_1@HumanoidUpperBody,,-22.499999999999986,53.000000000000661,63.399999999999984,-6.4999999999999849,54.500000000000661,67.399999999999991
HumanoidUpperBody,base,C2_WS_DAUGHTER_BKT_GASKET_1,base.C2_WS_DAUGHTER_BKT_GASKET_1@HumanoidUpperBody,,11.500000000000018,53.000000000000639,63.399999999999984,27.500000000000018,54.500000000000639,67.399999999999991
HumanoidUpperBody,base,C1_WS_FRONT_AUDIO_GASKET_1,base.C1_WS_FRONT_AUDIO_GASKET_1@HumanoidUpperBody,,13.610000000000021,70.190000000000609,156.10000000000002,23.610000000000024,76.190000000000623,160.59999999999997
HumanoidUpperBody,base,C1_WS_T_FRONT_USB_GASKET_1,base.C1_WS_T_FRONT_USB_GASKET_1@HumanoidUpperBody,,-13.989999999999984,70.190000000000637,156.10000000000002,10.010000000000016,75.690000000000651,161.59999999999997
HumanoidUpperBody,base,C1_SCREW_M30H40_IBKNIM1_1,base.C1_SCREW_M30H40_IBKNIM1_1@HumanoidUpperBody,,43.172549786020028,52.250000000000632,84.454715022889985,48.372549786020024,57.10000000000062,89.654715022889988
HumanoidUpperBody,base,C2_SCREW_M30H40_IBKNIM1_1,base.C2_SCREW_M30H40_IBKNIM1_1@HumanoidUpperBody,,-33.427450213999975,52.250000000000668,84.459715022889966,-28.22745021399998,57.100000000000662,89.659715022889984
HumanoidUpperBody,base,C3_SCREW_M30H40_IBKNIM1_1,base.C3_SCREW_M30H40_IBKNIM1_1@HumanoidUpperBody,,43.172549786020014,52.550000000000608,146.1747150229,48.372549786020009,57.4000000000006,151.37471502289998
HumanoidUpperBody,base,C4_SCREW_M30H40_IBKNIM1_1,base.C4_SCREW_M30H40_IBKNIM1_1@HumanoidUpperBody,,-33.42745021399999,52.250000000000654,146.1697150229,-28.227450213999994,57.100000000000648,151.36971502289998
HumanoidUpperBody,base,C1_WS_HDD_RUBBER_PLUG_1,base.C1_WS_HDD_RUBBER_PLUG_1@HumanoidUpperBody,,42.722549786016735,52.300000000000608,145.7247150229027,48.822549786016729,58.4000000000006,151.82471502290269
HumanoidUpperBody,base,C2_WS_HDD_RUBBER_PLUG_1,base.C2_WS_HDD_RUBBER_PLUG_1@HumanoidUpperBody,,42.722549786020018,52.300000000000594,84.00471502289,48.822549786020012,58.400000000000588,90.104715022889991
HumanoidUpperBody,base,C3_WS_HDD_RUBBER_PLUG_1,base.C3_WS_HDD_RUBBER_PLUG_1@HumanoidUpperBody,,-33.877450213999985,52.300000000000637,84.009715022889978,-27.777450213999987,58.400000000000631,90.109715022889972
HumanoidUpperBody,base,C4_WS_HDD_RUBBER_PLUG_1,base.C4_WS_HDD_RUBBER_PLUG_1@HumanoidUpperBody,,-33.877450213999992,52.300000000000622,145.71971502289998,-27.777450214,58.400000000000617,151.81971502289997
HumanoidUpperBody,base,C1_TN_SCREW_M2_5L4_1,base.C1_TN_SCREW_M2_5L4_1@HumanoidUpperBody,,24.150000000000016,54.300000000000608,155.29999999999998,29.650000000000013,59.1500000000006,160.8
HumanoidUpperBody,base,C2_TN_SCREW_M2_5L4_1,base.C2_TN_SCREW_M2_5L4_1@HumanoidUpperBody,,42.450000000000024,54.300000000000622,74.09999999999998,47.950000000000024,59.150000000000617,79.6
HumanoidUpperBody,base,C1_TN_M2_BKT_STANDOFF_1,base.C1_TN_M2_BKT_STANDOFF_1@HumanoidUpperBody,,41.700000000000024,52.200000000000621,73.818911086754,48.700000000000031,58.200000000000415,79.881088913245975
HumanoidUpperBody,base,C2_TN_M2_BKT_STANDOFF_1,base.C2_TN_M2_BKT_STANDOFF_1@HumanoidUpperBody,,23.400000000000013,52.200000000000621,155.018911086754,30.400000000000009,58.200000000000415,161.081088913246
HumanoidUpperBody,base,C3_TN_SCREW_M2_5L4_1,base.C3_TN_SCREW_M2_5L4_1@HumanoidUpperBody,,-25.419999999999987,54.500000000000647,155.7,-19.919999999999991,59.350000000000641,161.2
HumanoidUpperBody,base,C4_TN_SCREW_M2_5L4_1,base.C4_TN_SCREW_M2_5L4_1@HumanoidUpperBody,,-34.049999999999976,54.500000000000661,74.749999999999972,-28.549999999999972,59.350000000000655,80.249999999999972
HumanoidUpperBody,base,C3_TN_M2_BKT_STANDOFF_1,base.C3_TN_M2_BKT_STANDOFF_1@HumanoidUpperBody,,-34.799999999999976,52.200000000000664,74.468911086753977,-27.799999999999972,58.200000000000458,80.531088913245966
HumanoidUpperBody,base,C4_TN_M2_BKT_STANDOFF_1,base.C4_TN_M2_BKT_STANDOFF_1@HumanoidUpperBody,,-26.169999999999991,52.200000000000642,155.41891108675398,-19.169999999999991,58.200000000000436,161.48108891324597
HumanoidUpperBody,base,C1_WS_HDD_BKT_STANDOFF_NEW_1,base.C1_WS_HDD_BKT_STANDOFF_NEW_1@HumanoidUpperBody,,-51.811088913245982,52.200000000000664,132.92999999999998,-45.748911086753985,58.050000000000658,139.92999999999998
HumanoidUpperBody,base,C2_WS_HDD_BKT_STANDOFF_NEW_1,base.C2_WS_HDD_BKT_STANDOFF_NEW_1@HumanoidUpperBody,,-51.811088913245982,52.200000000000678,86.299999999999969,-45.748911086753985,58.050000000000672,93.299999999999983
HumanoidUpperBody,base,C1_TN_VESA_BKT_STANDOFF_1,base.C1_TN_VESA_BKT_STANDOFF_1@HumanoidUpperBody,,-0.53108891324599172,52.200000000000621,153.1,5.5310889132460082,56.700000000000628,160.1
HumanoidUpperBody,base,C2_TN_VESA_BKT_STANDOFF_1,base.C2_TN_VESA_BKT_STANDOFF_1@HumanoidUpperBody,,-0.53108891324597962,52.200000000000635,68.099999999999966,5.5310889132460206,56.700000000000642,75.099999999999966
HumanoidUpperBody,base,C1_TN_C_RING_1,base.C1_TN_C_RING_1@HumanoidUpperBody,,47.000000000000043,76.6500000000006,65.699999999999989,52.281217896800015,77.050000000000622,71.7
HumanoidUpperBody,base,C2_TN_C_RING_1,base.C2_TN_C_RING_1@HumanoidUpperBody,,-47.999999999999986,76.650000000000659,65.699999999999974,-42.718782103200013,77.050000000000679,71.699999999999989
HumanoidUpperBody,base,C3_TN_C_RING_1,base.C3_TN_C_RING_1@HumanoidUpperBody,,-47.999999999999986,76.650000000000659,156.49999999999997,-42.718782103200013,77.050000000000651,162.49999999999997
HumanoidUpperBody,base,C4_TN_C_RING_1,base.C4_TN_C_RING_1@HumanoidUpperBody,,47.000000000000043,76.6500000000006,156.49999999999997,52.281217896800015,77.050000000000622,162.49999999999997
HumanoidUpperBody,base,C1_WS_BTM_COVER_T_SCREW_1_1,base.C1_WS_BTM_COVER_T_SCREW_1_1@HumanoidUpperBody,,-48.399999999999991,49.650000000000652,156.1,-41.599999999999994,86.100000000003376,162.89999999999995
HumanoidUpperBody,base,C2_WS_BTM_COVER_T_SCREW_1_1,base.C2_WS_BTM_COVER_T_SCREW_1_1@HumanoidUpperBody,,-48.399999999999977,49.650000000000681,65.299999999999969,-41.59999999999998,86.1000000000034,72.099999999999966
HumanoidUpperBody,base,C3_WS_BTM_COVER_T_SCREW_1_1,base.C3_WS_BTM_COVER_T_SCREW_1_1@HumanoidUpperBody,,46.600000000000009,49.650000000000595,156.1,53.400000000000013,86.10000000000332,162.89999999999995
HumanoidUpperBody,base,C4_WS_BTM_COVER_T_SCREW_1_1,base.C4_WS_BTM_COVER_T_SCREW_1_1@HumanoidUpperBody,,46.600000000000023,49.650000000000624,65.299999999999983,53.400000000000027,86.100000000003348,72.09999999999998
HumanoidUpperBody,base,C1_TN_RUBBER_FOOT_1,base.C1_TN_RUBBER_FOOT_1@HumanoidUpperBody,,-50.499999999999986,48.800000000000658,153.99999999999997,-39.499999999999993,52.700000000000657,164.99999999999997
HumanoidUpperBody,base,C2_TN_RUBBER_FOOT_1,base.C2_TN_RUBBER_FOOT_1@HumanoidUpperBody,,-50.499999999999979,48.800000000000672,63.199999999999967,-39.499999999999979,52.700000000000671,74.199999999999974
HumanoidUpperBody,base,C3_TN_RUBBER_FOOT_1,base.C3_TN_RUBBER_FOOT_1@HumanoidUpperBody,,44.500000000000014,48.8000000000006,153.99999999999997,55.500000000000007,52.7000000000006,164.99999999999997
HumanoidUpperBody,base,C4_TN_RUBBER_FOOT_1,base.C4_TN_RUBBER_FOOT_1@HumanoidUpperBody,,44.500000000000028,48.800000000000622,63.199999999999982,55.500000000000021,52.700000000000621,74.199999999999989
HumanoidUpperBody,base,C1_TN_BTM_BKT_T_MB_STANDOFF_1,base.C1_TN_BTM_BKT_T_MB_STANDOFF_1@HumanoidUpperBody,,-49.54999999999999,52.200000000000649,154.95,-40.449999999999996,71.000000000000654,164.04999999999998
HumanoidUpperBody,base,C2_TN_BTM_BKT_T_MB_STANDOFF_1,base.C2_TN_BTM_BKT_T_MB_STANDOFF_1@HumanoidUpperBody,,-49.549999999999976,52.200000000000664,64.149999999999977,-40.449999999999982,71.000000000000668,73.249999999999972
HumanoidUpperBody,base,C3_TN_BTM_BKT_T_MB_STANDOFF_1,base.C3_TN_BTM_BKT_T_MB_STANDOFF_1@HumanoidUpperBody,,45.45000000000001,52.200000000000593,154.95,54.550000000000011,71.000000000000611,164.04999999999998
HumanoidUpperBody,base,C4_TN_BTM_BKT_T_MB_STANDOFF_1,base.C4_TN_BTM_BKT_T_MB_STANDOFF_1@HumanoidUpperBody,,45.450000000000024,52.200000000000621,64.149999999999991,54.550000000000026,71.000000000000625,73.249999999999986
HumanoidUpperBody,base,C1_WS_TALL_BTM_BKT_NEW_1_1,base.C1_WS_TALL_BTM_BKT_NEW_1_1@HumanoidUpperBody,,-53.699999999999982,50.000000000000625,60.399999999999984,58.700000000000017,70.190000000000637,167.79999999999998
HumanoidUpperBody,base,C2_WS_PW_BUTTON_C_1,base.C2_WS_PW_BUTTON_C_1@HumanoidUpperBody,,28.850000000000016,73.177600000000623,165.39999999999998,45.750000000000014,93.677600000000638,170.09999999999593
HumanoidUpperBody,base,C1_WS_TOP_SHIELD_PW_SPONGE_2_1,base.C1_WS_TOP_SHIELD_PW_SPONGE_2_1@HumanoidUpperBody,,26.600000000000012,94.700000000000642,164.59999999999997,48.000000000000014,96.700000000000642,166.45
HumanoidUpperBody,base,C1_WS_TOP_SHIELD_PW_SPONGE_M_1,base.C1_WS_TOP_SHIELD_PW_SPONGE_M_1@HumanoidUpperBody,,26.600000000000012,71.490000000000634,166.45,48.000000000000014,96.700000000000642,166.54999999999998
HumanoidUpperBody,base,C1_WS_TOP_SHIELD_PW_SPONGE_1,base.C1_WS_TOP_SHIELD_PW_SPONGE_1@HumanoidUpperBody,,26.600000000000012,71.490000000000634,166.54999999999998,48.000000000000014,96.700000000000642,167.84999999999994
HumanoidUpperBody,base,C1_TN_SCREW_M3L5_F_1,base.C1_TN_SCREW_M3L5_F_1@HumanoidUpperBody,,37.875000000000028,59.125000000000618,58.199999999999989,43.125000000000028,64.375000000000625,64.199999999999989
HumanoidUpperBody,base,C2_TN_SCREW_M3L5_F_1,base.C2_TN_SCREW_M3L5_F_1@HumanoidUpperBody,,-38.124999999999972,59.125000000000661,58.199999999999974,-32.874999999999964,64.375000000000668,64.199999999999974
HumanoidUpperBody,base,C5_TN_SCREW_M2_5L4_1,base.C5_TN_SCREW_M2_5L4_1@HumanoidUpperBody,,-47.749999999999957,93.750000000000668,65.949999999999974,-42.249999999999957,98.600000000000691,71.449999999999989
HumanoidUpperBody,base,C6_TN_SCREW_M2_5L4_1,base.C6_TN_SCREW_M2_5L4_1@HumanoidUpperBody,,-47.749999999999972,93.750000000000639,156.74999999999997,-42.249999999999972,98.600000000000662,162.24999999999997
HumanoidUpperBody,base,C7_TN_SCREW_M2_5L4_1,base.C7_TN_SCREW_M2_5L4_1@HumanoidUpperBody,,47.250000000000028,93.750000000000583,156.75,52.750000000000036,98.6000000000006,162.25
HumanoidUpperBody,base,C8_TN_SCREW_M2_5L4_1,base.C8_TN_SCREW_M2_5L4_1@HumanoidUpperBody,,47.250000000000043,93.750000000000611,65.949999999999974,52.75000000000005,98.600000000000634,71.449999999999989
HumanoidUpperBody,base,C1_WS_TALL_MESH_1,base.C1_WS_TALL_MESH_1@HumanoidUpperBody,,-55.999999999999964,60.500000000000668,81.799999999999983,-50.699999999999967,91.800000000000665,155.79999999999998
HumanoidUpperBody,base,C2_WS_TALL_MESH_1,base.C2_WS_TALL_MESH_1@HumanoidUpperBody,,55.70000000000001,60.500000000000639,81.799999999999983,61.000000000000014,91.800000000000637,155.79999999999998
HumanoidUpperBody,base,C1_WS_TALL_MID_FRAME_NEW_1,base.C1_WS_TALL_MID_FRAME_NEW_1@HumanoidUpperBody,,-56.000083305884345,52.227269643053226,58.099916694104358,61.000000000000021,101.20000000000064,170.09999999950998
HumanoidUpperBody,base,C1_WS_TOP_SHIELD_PW_MYLAR_S_1,base.C1_WS_TOP_SHIELD_PW_MYLAR_S_1@HumanoidUpperBody,,27.183300000000013,70.570000000000633,164.79999999999998,47.416700000000013,87.070000000000647,165.29999999999998
HumanoidUpperBody,base,C1_WS_TOP_SHIELD_PW_MYLAR_1,base.C1_WS_TOP_SHIELD_PW_MYLAR_1@HumanoidUpperBody,,27.183300000000013,70.570000000000633,165.3,47.416700000000013,87.070000000000647,165.39999999999998
HumanoidUpperBody,base,C1_WS_TALL_TOP_SHIELD_NEW_2022___7,base.C1_WS_TALL_TOP_SHIELD_NEW_2022___7@HumanoidUpperBody,,-50.599999999999987,94.550000000000637,69.0811183182,-48.999999999999979,95.150000000000617,71.0811183182
HumanoidUpperBody,base,C1_WS_TALL_TOP_SHIELD_NEW_2022___6,base.C1_WS_TALL_TOP_SHIELD_NEW_2022___6@HumanoidUpperBody,,-50.599999999999987,94.550000000003436,157.12162338158998,-48.999999999998984,95.150000000000645,159.12162338159098
HumanoidUpperBody,base,C1_WS_TALL_TOP_SHIELD_NEW_2022___5,base.C1_WS_TALL_TOP_SHIELD_NEW_2022___5@HumanoidUpperBody,,54.000000000000014,94.550000000000637,157.1188816818,55.600000000000016,95.150000000000617,159.11888168179001
HumanoidUpperBody,base,C1_WS_TALL_TOP_SHIELD_NEW_2022___4,base.C1_WS_TALL_TOP_SHIELD_NEW_2022___4@HumanoidUpperBody,,54.000000000000014,94.550000000000637,69.0811183182,55.600000000000016,95.150000000000617,71.0811183182
HumanoidUpperBody,base,C1_WS_TALL_TOP_SHIELD_NEW_2022___3,base.C1_WS_TALL_TOP_SHIELD_NEW_2022___3@HumanoidUpperBody,,-41.499999999999979,89.150000000000645,61.399999999999984,-38.999999999999979,96.050000000000637,64.999999999999972
HumanoidUpperBody,base,C1_WS_TALL_TOP_SHIELD_NEW_2022___2,base.C1_WS_TALL_TOP_SHIELD_NEW_2022___2@HumanoidUpperBody,,48.500000000000014,94.050000000000637,165.29999999999998,50.200000000000024,96.050000000000637,166.79999999999998
HumanoidUpperBody,base,C1_WS_TALL_TOP_SHIELD_NEW_2022___1,base.C1_WS_TALL_TOP_SHIELD_NEW_2022___1@HumanoidUpperBody,,-53.800011861939986,53.300000000000637,60.399999999999984,58.800000000000018,101.00001280207984,167.59999999999997
HumanoidUpperBody,base,C1_TN_TOP_SHIELD_STANDOFF_2_1,base.C1_TN_TOP_SHIELD_STANDOFF_2_1@HumanoidUpperBody,,-49.299999999999962,83.000000000000654,73.535898384862,-43.299999999999955,96.050000000000665,80.464101615137977
HumanoidUpperBody,base,C2_TN_TOP_SHIELD_STANDOFF_2_1,base.C2_TN_TOP_SHIELD_STANDOFF_2_1@HumanoidUpperBody,,48.300000000000047,83.0000000000006,73.535898384862,54.300000000000047,96.050000000000608,80.464101615137977
HumanoidUpperBody,base,C1_WS_TOP_SHIELD_STANDOFF_1__1,base.C1_WS_TOP_SHIELD_STANDOFF_1__1@HumanoidUpperBody,,-47.999999999999957,82.000000000000654,65.235898384862,-41.999999999999957,96.050000000000665,72.16410161513798
HumanoidUpperBody,base,C2_WS_TOP_SHIELD_STANDOFF_1__1,base.C2_WS_TOP_SHIELD_STANDOFF_1__1@HumanoidUpperBody,,-47.999999999999972,82.000000000000654,156.03589838486198,-41.999999999999964,96.050000000000665,162.96410161513796
HumanoidUpperBody,base,C3_WS_TOP_SHIELD_STANDOFF_1__1,base.C3_WS_TOP_SHIELD_STANDOFF_1__1@HumanoidUpperBody,,47.000000000000043,82.0000000000006,65.235898384862,53.00000000000005,96.050000000000608,72.16410161513798
HumanoidUpperBody,base,C4_WS_TOP_SHIELD_STANDOFF_1__1,base.C4_WS_TOP_SHIELD_STANDOFF_1__1@HumanoidUpperBody,,47.000000000000028,82.0000000000006,156.035898384862,53.000000000000036,96.050000000000608,162.964101615138
HumanoidUpperBody,base,C1_AN_TOP_COVER_1,base.C1_AN_TOP_COVER_1@HumanoidUpperBody,,-55.903437853788986,96.700000000000642,58.196562146209992,60.903437853789015,102.80000000000064,170.00343785378996
HumanoidUpperBody,base,C1_TN_BLANK_PLATE_1,base.C1_TN_BLANK_PLATE_1@HumanoidUpperBody,,-39.500000944319986,54.750000000000462,58.199999999999989,44.500000944320014,68.750000000000639,62.799999999999983
HumanoidUpperBody,base,C1_Imported1,base.C1_Imported1@HumanoidUpperBody,,-58.300000000000018,45.000000000000568,55.79999999999999,63.299999999999969,48.800000000000594,172.4
HumanoidUpperBody,base,C1_Body_Part01_260515,base.C1_Body_Part01_260515@HumanoidUpperBody,,-65.499999999997726,-120.00000000000009,21.49999999999984,65.500000000002274,-114.00000000000007,237.49999999999989
HumanoidUpperBody,base,C2_Body_Part01_260515,base.C2_Body_Part01_260515@HumanoidUpperBody,,-65.5000000000002,113.99999999999963,21.500000000000117,65.499999999999815,119.99999999999963,237.50000000000011
HumanoidUpperBody,base,C1_Body_Part22_260515,base.C1_Body_Part22_260515@HumanoidUpperBody,,-79.499999999999957,39.000000000000583,21.499999999999964,79.500000000000043,45.00000000000059,345.50000000000006
HumanoidUpperBody,base,C1_Body_Part19_260515,base.C1_Body_Part19_260515@HumanoidUpperBody,,-85.500000000000156,44.9999999999999,237.50000000000006,85.499999999999858,119.99999999999989,243.50000000000006
HumanoidUpperBody,base,C1_Body_Part28_260515,base.C1_Body_Part28_260515@HumanoidUpperBody,,-85.500000000000043,-100.00000000000003,21.500000000000004,-79.500000000000043,99.999999999999972,237.5
HumanoidUpperBody,base,C1_LCFR6_2020_216,base.C1_LCFR6_2020_216@HumanoidUpperBody,,-85.507838198183521,-120.008527596692,21.49999999999995,-65.499289388944149,-100.00000003110596,237.49999999999994
HumanoidUpperBody,base,C2_LCFR6_2020_216,base.C2_LCFR6_2020_216@HumanoidUpperBody,,-85.508527596691749,99.999289388946252,21.499999999999979,-65.499999968824554,120.00783819818567,237.5
HumanoidUpperBody,base,C2_Body_Part28_260515,base.C2_Body_Part28_260515@HumanoidUpperBody,,79.499999999999915,-99.999999999999631,21.50000000000006,85.499999999999929,100.00000000000038,237.50000000000006
HumanoidUpperBody,base,C3_LCFR6_2020_216,base.C3_LCFR6_2020_216@HumanoidUpperBody,,65.4992893889583,99.999999968824383,21.499999999999922,85.507838198197689,120.00852759669165,237.49999999999994
HumanoidUpperBody,base,C4_LCFR6_2020_216,base.C4_LCFR6_2020_216@HumanoidUpperBody,,65.50000003110803,-120.00783819818614,21.49999999999995,85.508527596694051,-99.999289388946721,237.49999999999994
HumanoidUpperBody,base,C1_PC_Braket_02,base.C1_PC_Braket_02@HumanoidUpperBody,,-64,-26.999999999999595,132.99999999999994,64.5,24.700000000000415,147.99999999999997
HumanoidUpperBody,base,C2_PC_Braket_02,base.C2_PC_Braket_02@HumanoidUpperBody,,-64,-26.999999999999581,81.000000000000014,64.5,24.700000000000429,96.000000000000028
HumanoidUpperBody,base,C3_PC_Braket_02,base.C3_PC_Braket_02@HumanoidUpperBody,,-64,-26.999999999999567,28.999999999999979,64.5,24.700000000000443,43.999999999999979
HumanoidUpperBody,base,C1_PC_Braket_01_3DP,base.C1_PC_Braket_01_3DP@HumanoidUpperBody,,-64,-39.0000000000008,125.49999999999994,-49,-27.000000000000806,155.49999999999997
HumanoidUpperBody,base,C2_PC_Braket_01_3DP,base.C2_PC_Braket_01_3DP@HumanoidUpperBody,,-64,-39.000000000000789,73.500000000000043,-49,-27.000000000000796,103.50000000000004
HumanoidUpperBody,base,C3_PC_Braket_01_3DP,base.C3_PC_Braket_01_3DP@HumanoidUpperBody,,49.499999999999957,-38.999999999999574,125.50000000000006,64.499999999999957,-26.999999999999581,155.50000000000009
HumanoidUpperBody,base,C4_PC_Braket_01_3DP,base.C4_PC_Braket_01_3DP@HumanoidUpperBody,,49.499999999999957,-38.999999999999559,73.500000000000014,64.499999999999957,-26.999999999999567,103.50000000000001
HumanoidUpperBody,base,C5_PC_Braket_01_3DP,base.C5_PC_Braket_01_3DP@HumanoidUpperBody,,-64,-39.000000000000774,21.499999999999993,-49,-27.000000000000782,51.499999999999993
HumanoidUpperBody,base,C6_PC_Braket_01_3DP,base.C6_PC_Braket_01_3DP@HumanoidUpperBody,,49.49999999999995,-38.999999999999552,21.499999999999964,64.499999999999943,-26.999999999999552,51.499999999999964
HumanoidUpperBody,base,C1_Nvidia_Jetson_AGX_Thor_developerKit,base.C1_Nvidia_Jetson_AGX_Thor_developerKit@HumanoidUpperBody,,-56.000000000000107,-32.999999999999517,19.400000000000027,56.5999999999999,23.350000000000481,266.40000000000003
HumanoidUpperBody,base,C2_Body_Part19_260515,base.C2_Body_Part19_260515@HumanoidUpperBody,,-85.499999999997826,-120.00000000000009,237.49999999999983,85.500000000002188,-45.000000000000071,243.49999999999983
HumanoidUpperBody,base,C2_Body_Part22_260515,base.C2_Body_Part22_260515@HumanoidUpperBody,,-79.499999999999972,-44.999999999999488,21.499999999999964,79.500000000000028,-38.999999999999481,345.50000000000006
HumanoidUpperBody,base,C1_Body_Part07_260515,base.C1_Body_Part07_260515@HumanoidUpperBody,,-85.499999999999858,-120.00000000000004,13.500000000000091,85.500000000000156,119.99999999999996,21.500000000000096
HumanoidUpperBody,base,C1_ImportedSolid_143760,base.C1_ImportedSolid_143760@HumanoidUpperBody,,-12.750000000003389,-89.334141177820129,314.9294212213311,12.749999999996616,-76.3915281467343,343.7329954719209
HumanoidUpperBody,base,C1_ImportedSolid_1437601,base.C1_ImportedSolid_1437601@HumanoidUpperBody,,-12.750000000003242,-96.52658989760296,253.69451625965965,12.749999999996763,-80.858628551735066,281.86185358819148
HumanoidUpperBody,base,C1_GewindestiftDIN914_3x6x05,base.C1_GewindestiftDIN914_3x6x05@HumanoidUpperBody,,-37.500000000003233,-92.670896509671337,270.45224194463765,-34.500000000003233,-86.554845645052481,273.85246628487045
HumanoidUpperBody,base,C1_GewindestiftDIN914_3x6x051,base.C1_GewindestiftDIN914_3x6x051@HumanoidUpperBody,,-37.500000000003368,-88.05164214404526,323.25056094350009,-34.500000000003368,-81.9355912794264,326.65078528373289
HumanoidUpperBody,base,C1_GewindestiftDIN914_3x6x052,base.C1_GewindestiftDIN914_3x6x052@HumanoidUpperBody,,-37.500000000003254,-91.973650567690058,278.42179952937158,-34.500000000003247,-85.857599703071187,281.82202386960438
HumanoidUpperBody,base,C1_GewindestiftDIN914_3x6x053,base.C1_GewindestiftDIN914_3x6x053@HumanoidUpperBody,,-37.500000000003347,-88.748888086026568,315.28100335876616,-34.500000000003347,-82.632837221407712,318.68122769899895
HumanoidUpperBody,base,C1_GewindestiftDIN913_5x5x08,base.C1_GewindestiftDIN913_5x5x08@HumanoidUpperBody,,-25.597000000003284,-103.58856027220602,287.533727361432,-20.59700000000328,-98.279924766887447,292.86043109701956
HumanoidUpperBody,base,C1_GewindestiftDIN913_5x5x081,base.C1_GewindestiftDIN913_5x5x081@HumanoidUpperBody,,-25.597000000003334,-101.92092229047226,306.59491671471949,-20.597000000003327,-96.6122867851537,311.92162045030705
HumanoidUpperBody,base,C1_CDST00180,base.C1_CDST00180@HumanoidUpperBody,,18.231999999996724,-103.75027775287433,285.03235112154215,27.961999999996724,-96.564867223370015,295.1539574768077
HumanoidUpperBody,base,C1_CDST001801,base.C1_CDST001801@HumanoidUpperBody,,18.231999999996674,-102.08263977114056,304.09354047482964,27.961999999996678,-94.897229241636254,314.21514683009519
HumanoidUpperBody,base,C1_ImportedSolid_121888B,base.C1_ImportedSolid_121888B@HumanoidUpperBody,,-7.000000000003233,-102.87687957028226,267.34355771887641,6.4999999999967724,-93.2761096340999,276.68882968349675
HumanoidUpperBody,base,C1_ImportedSolid_121888A,base.C1_ImportedSolid_121888A@HumanoidUpperBody,,-7.0000000000033751,-97.961295679314119,321.78455096105569,6.49999999999663,-88.36052574313176,331.12982292567614
HumanoidUpperBody,base,C1_FWR50L_00_B_0FWR_F_B_GEH,base.C1_FWR50L_00_B_0FWR_F_B_GEH@HumanoidUpperBody,,-43.500000000003332,-106.51041616089029,262.2367276891012,37.499999999996945,-67.770370697657583,337.30866859124751
HumanoidUpperBody,base,C1_GewindestiftDIN913_4x4x07,base.C1_GewindestiftDIN913_4x4x07@HumanoidUpperBody,,6.3452334717330015,-81.722042284745413,261.00034354427561,10.952672695606337,-77.482499010679192,265.58958585211047
HumanoidUpperBody,base,C1_GewindestiftDIN913_4x4x071,base.C1_GewindestiftDIN913_4x4x071@HumanoidUpperBody,,-10.952672695613726,-75.675341381507138,329.71132575642594,-6.3452334717403911,-71.435798107440917,334.3005680642608
HumanoidUpperBody,base,C2_GewindestiftDIN914_3x6x05,base.C2_GewindestiftDIN914_3x6x05@HumanoidUpperBody,,-37.500000000003617,-86.762886402991157,270.00975591166736,-34.50000000000361,-80.646835538372287,273.40998025190015
HumanoidUpperBody,base,C2_GewindestiftDIN914_3x6x051,base.C2_GewindestiftDIN914_3x6x051@HumanoidUpperBody,,-37.500000000003638,-86.065640461009835,277.97931349640135,-34.500000000003638,-79.949589596390979,281.37953783663414
HumanoidUpperBody,base,C2_GewindestiftDIN914_3x6x052,base.C2_GewindestiftDIN914_3x6x052@HumanoidUpperBody,,-37.500000000003766,-82.840877979346359,314.83851732579592,-34.500000000003766,-76.7248271147275,318.23874166602872
HumanoidUpperBody,base,C2_GewindestiftDIN914_3x6x053,base.C2_GewindestiftDIN914_3x6x053@HumanoidUpperBody,,-37.500000000003794,-82.14363203736508,322.80807491052985,-34.500000000003794,-76.02758117274621,326.20829925076265
HumanoidUpperBody,base,C2_CDST00180,base.C2_CDST00180@HumanoidUpperBody,,26.725906349710026,-75.349926382300225,303.04319959601543,35.620688512636,-65.4776495147927,313.86666234335246
HumanoidUpperBody,base,C2_CDST001801,base.C2_CDST001801@HumanoidUpperBody,,26.725906349710115,-77.319766017239473,280.52782954060848,35.620688512636058,-67.44748914973195,291.35129228794551
HumanoidUpperBody,base,C1_SenkschraubeDIN7991_25x6x045,base.C1_SenkschraubeDIN7991_25x6x045@HumanoidUpperBody,,-5.1500000000036747,-77.941733474734264,288.3491087385226,-0.45000000000378504,-71.674859597290563,293.06608611665274
HumanoidUpperBody,base,C1_ImportedSolid_143759_halter,base.C1_ImportedSolid_143759_halter@HumanoidUpperBody,,-43.500000000003716,-84.479972455330255,296.02978793014631,-35.300000000003735,-72.59379437622529,306.29982818243383
HumanoidUpperBody,base,C1_FWR50F_00_BFWR_F_B_GEH,base.C1_FWR50F_00_BFWR_F_B_GEH@HumanoidUpperBody,,-43.500000000003745,-87.580473458258041,259.17756111865765,37.499999999996547,-59.111441010105011,335.65270947904122
HumanoidUpperBody,base,C2_GewindestiftDIN913_4x4x07,base.C2_GewindestiftDIN913_4x4x07@HumanoidUpperBody,,6.3452334723235371,71.435798107438529,329.71132575646476,10.952672696198162,75.675341381504722,334.30056806430076
HumanoidUpperBody,base,C2_GewindestiftDIN913_4x4x071,base.C2_GewindestiftDIN913_4x4x071@HumanoidUpperBody,,-10.952672695069083,77.482499010675909,261.00034354432557,-6.3452334711944571,81.722042284742116,265.58958585216152
HumanoidUpperBody,base,C3_GewindestiftDIN914_3x6x05,base.C3_GewindestiftDIN914_3x6x05@HumanoidUpperBody,,-37.499999999417845,76.02758117274125,322.8080749105988,-34.499999999417845,82.1436320373601,326.2082992508316
HumanoidUpperBody,base,C3_GewindestiftDIN914_3x6x051,base.C3_GewindestiftDIN914_3x6x051@HumanoidUpperBody,,-37.499999999423167,76.724827114722558,314.83851732586487,-34.499999999423167,82.840877979341414,318.23874166609767
HumanoidUpperBody,base,C3_GewindestiftDIN914_3x6x052,base.C3_GewindestiftDIN914_3x6x052@HumanoidUpperBody,,-37.499999999447759,79.94958959638609,277.9793134964703,-34.499999999447759,86.065640461004961,281.37953783670309
HumanoidUpperBody,base,C3_GewindestiftDIN914_3x6x053,base.C3_GewindestiftDIN914_3x6x053@HumanoidUpperBody,,-37.499999999453081,80.646835538367412,270.00975591173631,-34.499999999453081,86.762886402986268,273.4099802519691
HumanoidUpperBody,base,C3_CDST00180,base.C3_CDST00180@HumanoidUpperBody,,26.7259063502688,67.447489149730785,280.52782954063235,35.620688513198367,77.319766017238578,291.35129228797018
HumanoidUpperBody,base,C3_CDST001801,base.C3_CDST001801@HumanoidUpperBody,,26.725906350287794,65.47764951479175,303.04319959604021,35.620688513210141,75.349926382299017,313.86666234337622
HumanoidUpperBody,base,C2_SenkschraubeDIN7991_25x6x045,base.C2_SenkschraubeDIN7991_25x6x045@HumanoidUpperBody,,-5.1499999994308094,70.454679198820273,302.2958345118538,-0.44999999943091862,76.721553076263973,307.012811889984
HumanoidUpperBody,base,C2_ImportedSolid_143759_halter,base.C2_ImportedSolid_143759_halter@HumanoidUpperBody,,-43.499999999440774,73.16030670408,289.75498060093821,-35.299999999440764,85.046484783185193,299.82456264490622
HumanoidUpperBody,base,C2_FWR50F_00_BFWR_F_B_GEH,base.C2_FWR50F_00_BFWR_F_B_GEH@HumanoidUpperBody,,-43.499999999443773,59.111441010102176,259.17756111870273,37.500000000564789,87.580473458255312,335.6527094790863
HumanoidUpperBody,base,C3__________1,base.C3__________1@HumanoidUpperBody,,-0.99999999999997813,-0.99999999999947875,312.5,1.000000000000022,1.0000000000005214,347.50000000000006
HumanoidUpperBody,base,C1_M2_______2,base.C1_M2_______2@HumanoidUpperBody,,-8.9999999999999769,-8.9999999999994778,344.1,9.0000000000000213,9.0000000000005222,347.5
HumanoidUpperBody,base,C1_________8,base.C1_________8@HumanoidUpperBody,,-27.499999999999979,-27.499999999999478,331,27.500000000000021,27.500000000000526,344
HumanoidUpperBody,base,C1_____1,base.C1_____1@HumanoidUpperBody,,-27.499999999999979,-27.499999999999464,292.00000000000006,27.500000000000021,27.500000000000536,301.50000000000011
HumanoidUpperBody,base,C1_________5,base.C1_________5@HumanoidUpperBody,,-18.499999999999979,-18.499999999999478,341.30000000000007,18.500000000000021,18.500000000000519,347.50000000000006
HumanoidUpperBody,base,C1_________3,base.C1_________3@HumanoidUpperBody,,-27.499999999999979,-27.499999999999481,344.00000000000006,27.500000000000021,27.500000000000522,346.50000000000006
HumanoidUpperBody,base,C1_____11,base.C1_____11@HumanoidUpperBody,,-27.499999999999979,-27.499999999999478,300.00000000000006,27.500000000000021,27.500000000000526,340.00000000000006
HumanoidUpperBody,base,C1_Body_Part02_260515,base.C1_Body_Part02_260515@HumanoidUpperBody,,-79.499999999999986,-89.999999999999474,345.50000000000006,79.500000000000014,90.000000000000526,351.50000000000006
HumanoidUpperBody,base,C2_FWR50L_00_B_0FWR_F_B_GEH,base.C2_FWR50L_00_B_0FWR_F_B_GEH@HumanoidUpperBody,,-43.499999999443538,67.728971719849511,262.23672768914605,37.500000000564995,106.51041616088744,337.30866859129236
HumanoidUpperBody,base,C7_PC_Braket_01_3DP,base.C7_PC_Braket_01_3DP@HumanoidUpperBody,,-63.9999999999992,-38.999999999999453,244.49999999999994,-48.9999999999992,-26.999999999999446,274.49999999999994
HumanoidUpperBody,base,C8_PC_Braket_01_3DP,base.C8_PC_Braket_01_3DP@HumanoidUpperBody,,49.499999999999957,-38.99999999999546,244.50000000000009,64.499999999999957,-26.999999999995467,274.50000000000006
HumanoidUpperBody,base,C1_Body_Part21_수정본,base.C1_Body_Part21_수정본@HumanoidUpperBody,,-39.999999999999709,-66.8282241484475,254.73486477898712,40.000000000000306,-45.000000000006061,336.26063218092219
HumanoidUpperBody,base,C2_Body_Part21_수정본,base.C2_Body_Part21_수정본@HumanoidUpperBody,,-40.000000000000739,44.999999999354152,254.73486477898712,39.999999999999282,66.828224147795638,336.2606321809223
HumanoidUpperBody,base,C4__________1,base.C4__________1@HumanoidUpperBody,,-1.0000000000005089,-32.999999999999496,389.50000000000006,0.99999999999949107,2.0000000000005151,391.50000000000006
HumanoidUpperBody,base,C2_M2_______2,base.C2_M2_______2@HumanoidUpperBody,,-9.0000000000005187,-32.9999999999995,381.50000000000006,8.9999999999994813,-29.5999999999995,399.50000000000006
HumanoidUpperBody,base,C2_________8,base.C2_________8@HumanoidUpperBody,,-27.500000000000519,-29.499999999999506,363,27.499999999999485,-16.499999999999503,418.00000000000006
HumanoidUpperBody,base,C2_____1,base.C2_____1@HumanoidUpperBody,,-27.500000000000504,13.000000000000496,363.00000000000006,27.499999999999496,22.50000000000049,418.00000000000011
HumanoidUpperBody,base,C2_________5,base.C2_________5@HumanoidUpperBody,,-18.500000000000519,-32.99999999999951,372.00000000000006,18.499999999999478,-26.799999999999503,409.00000000000011
HumanoidUpperBody,base,C2_________3,base.C2_________3@HumanoidUpperBody,,-27.500000000000522,-31.999999999999503,363,27.499999999999481,-29.499999999999506,418.00000000000006
HumanoidUpperBody,base,C2_____11,base.C2_____11@HumanoidUpperBody,,-27.500000000000508,-25.49999999999951,363.00000000000006,27.499999999999492,14.5000000000005,418.00000000000011
HumanoidUpperBody,base,C1_Head_Part08,base.C1_Head_Part08@HumanoidUpperBody,,-54.999999999999964,-54.999999999999488,353.50000000000006,55.00000000000005,55.000000000000512,422.00000000000006
HumanoidUpperBody,base,C1_Head_Part04,base.C1_Head_Part04@HumanoidUpperBody,,-76.499999999999986,-74.999999999982151,414.30000000000013,-63.499999999999972,75.000000000017849,564.30000000000007
HumanoidUpperBody,base,C1_Head_Part06,base.C1_Head_Part06@HumanoidUpperBody,,-19.999999999988706,-47.999999999999517,370.50000000000006,20.000000000011294,-42.99999999999951,440.49999999999744
HumanoidUpperBody,base,C1_Head_Part03,base.C1_Head_Part03@HumanoidUpperBody,,-66.499999999999972,-74.99999999998029,414.30000000000013,63.500000000000028,75.00000000001971,564.30000000000018
HumanoidUpperBody,base,C1_Head_Part05,base.C1_Head_Part05@HumanoidUpperBody,,-71.999999999999559,-42.999999999998046,508.49999999999949,47.500000000000433,33.000000000001954,527.49999999999966
HumanoidUpperBody,base,C1_Body_Part04,base.C1_Body_Part04@HumanoidUpperBody,,-20.000000000000011,-42.999999999999552,370.50000000000006,19.999999999999989,-32.199999999999491,508.49999999999994
HumanoidUpperBody,base,C1_Body_Part10,base.C1_Body_Part10@HumanoidUpperBody,,20.000000000000373,-42.999999999998082,443.49999999999977,25.000000000000377,33.000000000001876,508.49999999999972
HumanoidUpperBody,base,C1_D415_DepthCamera,base.C1_D415_DepthCamera@HumanoidUpperBody,,-77.024999999999963,-49.499999999997932,512.49999999999977,-56.974999999999959,49.001745197373879,535.49999999999989
HumanoidUpperBody,base,C2_D415_DepthCamera,base.C2_D415_DepthCamera@HumanoidUpperBody,,47.500000000000014,-49.001745197371328,512.5,67.550000000000026,49.50000000000049,535.50000000000011
HumanoidUpperBody,base,C1_Body_Part06,base.C1_Body_Part06@HumanoidUpperBody,,-29.999999999999975,-34.999999999999496,353.50000000000006,30.000000000000025,-29.999999999999492,420.5
HumanoidUpperBody,base,C1_Body_Part03,base.C1_Body_Part03@HumanoidUpperBody,,-29.999999999999979,-29.999999999999478,346.7,30.000000000000021,30.000000000000519,361.49999999999994
HumanoidUpperBody,base,C4_PC_Braket_02,base.C4_PC_Braket_02@HumanoidUpperBody,,-63.999999999999986,-26.999999999995477,252.00000000000006,64.500000000000014,24.700000000004533,267.00000000000006
RightArm@HumanoidUpperBody,body6,FL6700ZZ_Right_어깨양단지지_URDF,body6.FL6700ZZ_Right_어깨양단지지_URDF@RightArm@HumanoidUpperBody,,32.999999999664333,-625.24998559712253,148.79800490110782,36.999999999663324,-608.74998559712253,165.29800490110782
RightArm@HumanoidUpperBody,body6,FL6700ZZ_Right_어깨양단지지_URDF1,body6.FL6700ZZ_Right_어깨양단지지_URDF1@RightArm@HumanoidUpperBody,,-37.000000000336961,-625.24998559704773,148.79800490110946,-33.000000000335952,-608.74998559704773,165.29800490110949
RightArm@HumanoidUpperBody,body6,C1_DBSY4_7_5,body6.C1_DBSY4_7_5@RightArm@HumanoidUpperBody,,31.999986469975337,-622.00001562500972,191.00001560729794,46.799986823835951,-612.00001562500972,201.00001560729737
RightArm@HumanoidUpperBody,body6,C1_SWSPS12_6_10,body6.C1_SWSPS12_6_10@RightArm@HumanoidUpperBody,,42.79998702482095,-623.00001562500938,190.000014606818,43.799987994204912,-611.00001562500938,202.00001460681736
RightArm@HumanoidUpperBody,body6,C1_SWSPS12_6_102,body6.C1_SWSPS12_6_102@RightArm@HumanoidUpperBody,,37.799987024820034,-623.00001562500961,190.00001293935119,38.799987994203981,-611.00001562500961,202.00001293935054
RightArm@HumanoidUpperBody,body6,C1_손목_Pitch_링크고정부_260415,body6.C1_손목_Pitch_링크고정부_260415@RightArm@HumanoidUpperBody,,-33.500011172058109,-646.00001562500267,184.49999125397537,33.499988827938161,-588.00001562500256,190.50001117184141
RightArm@HumanoidUpperBody,body6,C1_손목_Pitch_고정부_260415,body6.C1_손목_Pitch_고정부_260415@RightArm@HumanoidUpperBody,,-33.4999910290692,-646.00001562500267,123.09999125397881,33.50000897092707,-588.00001562500256,130.10001117184473
RightArm@HumanoidUpperBody,body6,C1_손목_Pitch_링크고정부2_260408,body6.C1_손목_Pitch_링크고정부2_260408@RightArm@HumanoidUpperBody,,18.649987427268631,-634.00001562500631,190.50001250581417,37.799985092814268,-600.00001562500654,202.00001250581357
RightArm@HumanoidUpperBody,body6,C1_손목_Pitch_베어링체결부_260409,body6.C1_손목_Pitch_베어링체결부_260409@RightArm@HumanoidUpperBody,,-37.000000016715823,-625.50001562499813,128.09999049527113,-28.499990362089839,-608.50001562499824,185.99999049526792
RightArm@HumanoidUpperBody,body6,C1_Body11,body6.C1_Body11@RightArm@HumanoidUpperBody,,39.799985875307016,-622.00001562501018,191.0000142733239,42.799985875306852,-612.00001562501018,201.00001427332333
RightArm@HumanoidUpperBody,body6,C1_________11,body6.C1_________11@RightArm@HumanoidUpperBody,,-27.500009537939267,-644.50001562500256,128.09999695426313,27.499995080937424,-589.50001562500267,186.1000090041363
RightArm@HumanoidUpperBody,body6,C1_NONE,body6.C1_NONE@RightArm@HumanoidUpperBody,,-17.499990695578411,-634.50001562500245,125.10000437978924,17.500009304419649,-599.50001562500256,133.60000500222174
RightArm@HumanoidUpperBody,body6,C1_손목_Pitch_베어링체결부_260407,body6.C1_손목_Pitch_베어링체결부_260407@RightArm@HumanoidUpperBody,,28.499990328655986,-625.50001562500745,128.10001083835181,37.000001584047169,-608.50001562500756,186.00001083834854
RightArm@HumanoidUpperBody,body7,C1_손목_Pitch_회전부2_260415_URDF,body7.C1_손목_Pitch_회전부2_260415_URDF@RightArm@HumanoidUpperBody,,-27.500000033395921,-685.50001562500222,115.10000450198308,27.499999966604079,-668.50001562500313,184.59999999982358
RightArm@HumanoidUpperBody,body7,C1_손목_Pitch_회전부_260415_URDF,body7.C1_손목_Pitch_회전부_260415_URDF@RightArm@HumanoidUpperBody,,-18.999989928544142,-684.50001562500393,115.10000416848997,19.000010071453747,-598.00001562500211,127.1000062361467
RightArm@HumanoidUpperBody,body5,손목_샤프트_260408_URDF,body5.손목_샤프트_260408_URDF@RightArm@HumanoidUpperBody,,-34.8000000002855,-570.00000000004479,166.99999999999378,34.799999999714494,-564.00000000004479,172.99999999999378
RightArm@HumanoidUpperBody,body5,손목_샤프트_260408_URDF1,body5.손목_샤프트_260408_URDF1@RightArm@HumanoidUpperBody,,-34.800000000286175,-570.00000000004434,140.99999999999375,34.799999999713819,-564.00000000004434,146.99999999999375
RightArm@HumanoidUpperBody,body5,손목_Yaw_01_URDF,body5.손목_Yaw_01_URDF@RightArm@HumanoidUpperBody,,-37.800000000232934,-565.49999999998056,128.49999999982194,-22.700000000223437,-508.49999999998062,185.49999999982194
RightArm@HumanoidUpperBody,body5,손목_Roll_회전부3_260409_v2_URDF,body5.손목_Roll_회전부3_260409_v2_URDF@RightArm@HumanoidUpperBody,,33.79999999977985,-632.00000000011812,128.99999999964322,36.79999999977985,-498.00000000011846,184.99999999964322
RightArm@HumanoidUpperBody,body5,손목_Roll_회전부2_260409_v2_URDF,body5.손목_Roll_회전부2_260409_v2_URDF@RightArm@HumanoidUpperBody,,-36.800000000220152,-631.99999999996771,128.99999999999895,-33.800000000220145,-497.99999999996817,184.99999999999895
RightArm@HumanoidUpperBody,body5,________11,body5.________11@RightArm@HumanoidUpperBody,,-24.200000000225078,-564.50000000004047,129.43331100773315,33.799999999774904,-509.50000000004059,184.4999999998208
RightArm@HumanoidUpperBody,body5,NONE,body5.NONE@RightArm@HumanoidUpperBody,,28.299999999761518,-554.50000000004729,139.49999999982049,36.79999999976431,-519.50000000004741,174.49999999982052
RightArm@HumanoidUpperBody,body5,손목_Roll_회전부_260409_v2_URDF,body5.손목_Roll_회전부_260409_v2_URDF@RightArm@HumanoidUpperBody,,-36.8000000002389,-502.50000000000648,128.99999999999605,36.799999999761091,-491.50000000000648,184.99999999999605
RightArm@HumanoidUpperBody,body4,팔꿈치_Pitch_회전부_260427_URDF,body4.팔꿈치_Pitch_회전부_260427_URDF@RightArm@HumanoidUpperBody,,-28.50000000000751,-414.99999999998806,198.99999999999937,28.499999999992493,-314.50000000000358,207.99999999999937
RightArm@HumanoidUpperBody,body4,손목_Roll_체결부_260415_v2_URDF,body4.손목_Roll_체결부_260415_v2_URDF@RightArm@HumanoidUpperBody,,-41.500000000089358,-495.50000000002109,115.4999999999978,41.499999999910642,-488.50000000002109,198.49999999999781
RightArm@HumanoidUpperBody,body4,팔꿈치_손목_연결부_샤프트_260413_URDF,body4.팔꿈치_손목_연결부_샤프트_260413_URDF@RightArm@HumanoidUpperBody,,-36.587572106407478,-489.99999999998278,187.58757210636074,-30.587572106407475,-411.99999999998272,193.58757210636074
RightArm@HumanoidUpperBody,body4,NONE,body4.NONE@RightArm@HumanoidUpperBody,,-40.000000000086843,-492.500000000022,116.99999999999864,39.999999999913157,-426.00000000000341,196.99999999999864
RightArm@HumanoidUpperBody,body4,________11,body4.________11@RightArm@HumanoidUpperBody,,-26.500000000090132,-493.50000000000335,130.49999999999858,26.499999999909868,-436.50000000000324,183.49999999999858
RightArm@HumanoidUpperBody,body4,팔꿈치_손목_연결부_샤프트_260413_URDF1,body4.팔꿈치_손목_연결부_샤프트_260413_URDF1@RightArm@HumanoidUpperBody,,30.587572106313569,-490.00000000001967,120.41242789363787,36.587572106313573,-412.00000000001955,126.41242789363788
RightArm@HumanoidUpperBody,body4,팔꿈치_손목_연결부_샤프트_260413_URDF2,body4.팔꿈치_손목_연결부_샤프트_260413_URDF2@RightArm@HumanoidUpperBody,,30.587572106314152,-490.00000000002211,187.58757210636017,36.587572106314155,-412.00000000002211,193.58757210636017
RightArm@HumanoidUpperBody,body4,팔꿈치_손목_연결부_샤프트_260413_URDF3,body4.팔꿈치_손목_연결부_샤프트_260413_URDF3@RightArm@HumanoidUpperBody,,-36.587572106408345,-489.99999999998442,120.41242789363874,-30.587572106408341,-411.99999999998437,126.41242789363874
RightArm@HumanoidUpperBody,body4,팔꿈치_Pitchl베어링_고정파트_URDF기본,body4.팔꿈치_Pitchl베어링_고정파트_URDF기본@RightArm@HumanoidUpperBody,,13.99999999998068,-394.00000000000961,112.99999999999899,31.999999999980641,-379.00000000000972,209.99999999999898
RightArm@HumanoidUpperBody,body4,팔꿈치_Pitchl베어링_고정파트_URDF기본1,body4.팔꿈치_Pitchl베어링_고정파트_URDF기본1@RightArm@HumanoidUpperBody,,-32.00000000002769,-393.99999999999415,112.99999999999999,-14.00000000002926,-378.9999999999942,210.00000000000003
RightArm@HumanoidUpperBody,body4,팔꿈치_Pitch_회전부2_260427_URDF,body4.팔꿈치_Pitch_회전부2_260427_URDF@RightArm@HumanoidUpperBody,,-26.500000000003762,-415.00000000001967,114.9999999999994,26.499999999996234,-316.50000000000125,125.49999999999959
RightArm@HumanoidUpperBody,body4,팔꿈치_Pitch_회전부3_260422_URDF,body4.팔꿈치_Pitch_회전부3_260422_URDF@RightArm@HumanoidUpperBody,,-43.000000000044793,-415.00000000002206,114.99999999999865,42.9999999999552,-409.00000000002206,207.99999999999864
RightArm@HumanoidUpperBody,body3,어깨_Yaw_팔꿈치_연결부_260423_URDF,body3.어깨_Yaw_팔꿈치_연결부_260423_URDF@RightArm@HumanoidUpperBody,,-40.00000000000847,-383,197.99999999999923,39.999999999991537,-285.0000000000008,200.99999999999923
RightArm@HumanoidUpperBody,body3,_________46,body3._________46@RightArm@HumanoidUpperBody,,-45.000000000003432,-160.60000000000107,111.99999999999926,44.999999999996561,-150.10000000000002,201.99999999999929
RightArm@HumanoidUpperBody,body3,____2,body3.____2@RightArm@HumanoidUpperBody,,-45.000000000003823,-170.99999999999997,111.99999999999932,44.999999999996177,-158.09999999999997,201.99999999999929
RightArm@HumanoidUpperBody,body3,_________4,body3._________4@RightArm@HumanoidUpperBody,,-45.000000000002771,-151.60000000000002,111.99999999999926,44.999999999997222,-124.60000000000001,201.99999999999923
RightArm@HumanoidUpperBody,body3,_________1,body3._________1@RightArm@HumanoidUpperBody,,-43.150699430499088,-102.99999999999898,171.33807102406297,-38.150699430499081,-95.499999999998977,176.338071024063
RightArm@HumanoidUpperBody,body3,_________11,body3._________11@RightArm@HumanoidUpperBody,,38.150699430494413,-103.00000000000115,137.66192897593615,43.15069943049442,-95.500000000001137,142.66192897593615
RightArm@HumanoidUpperBody,body3,________2,body3.________2@RightArm@HumanoidUpperBody,,-48.000000000002053,-103.00000000000004,108.9999999999992,47.999999999997947,-98.000000000000028,204.99999999999923
RightArm@HumanoidUpperBody,body3,____mm_______1,body3.____mm_______1@RightArm@HumanoidUpperBody,,-32.000000000002693,-108.00000000000003,124.99999999999991,31.999999999997307,-95.000000000000043,188.99999999999991
RightArm@HumanoidUpperBody,body3,_________12,body3._________12@RightArm@HumanoidUpperBody,,-12.500000000002684,-158.50000000000003,144.49999999999991,12.499999999997318,-95.000000000000043,169.49999999999991
RightArm@HumanoidUpperBody,body3,____3,body3.____3@RightArm@HumanoidUpperBody,,-48.000000000002181,-126.10000000000002,108.9999999999992,47.999999999997826,-103.00000000000004,204.99999999999923
RightArm@HumanoidUpperBody,body3,어깨_Yaw_체결부_260415_URDF,body3.어깨_Yaw_체결부_260415_URDF@RightArm@HumanoidUpperBody,,-49.500000000002757,-103.00000000000001,107.49999999999999,49.49999999999725,-95,206.50000000000003
RightArm@HumanoidUpperBody,body3,어깨_팔꿈치_연결부_샤프트_260413_URDF,body3.어깨_팔꿈치_연결부_샤프트_260413_URDF@RightArm@HumanoidUpperBody,,34.183766184065462,-288.000000000001,114.81623381592628,42.183766184065469,-101.00000000000104,122.8162338159263
RightArm@HumanoidUpperBody,body3,팔꿈치_스토퍼_260424_URDF,body3.팔꿈치_스토퍼_260424_URDF@RightArm@HumanoidUpperBody,,-40.000000000010004,-348.30071171926403,115.00000000000063,-28.268294263746586,-322.58707398058141,125.50000000000061
RightArm@HumanoidUpperBody,body3,어깨_팔꿈치_연결부_샤프트_260413_URDF1,body3.어깨_팔꿈치_연결부_샤프트_260413_URDF1@RightArm@HumanoidUpperBody,,-42.18376618408179,-287.999999999999,114.81623381592685,-34.1837661840818,-100.99999999999898,122.81623381592685
RightArm@HumanoidUpperBody,body3,어깨_팔꿈치_연결부_샤프트_260413_URDF2,body3.어깨_팔꿈치_연결부_샤프트_260413_URDF2@RightArm@HumanoidUpperBody,,34.183766184071068,-288.00000000000108,191.18376618407328,42.183766184071075,-101.00000000000105,199.18376618407331
RightArm@HumanoidUpperBody,body3,어깨_Yaw_팔꿈치_연결부_B_260423_URDF,body3.어깨_Yaw_팔꿈치_연결부_B_260423_URDF@RightArm@HumanoidUpperBody,,-40.000000000009976,-382.99999999999989,119.49999999999945,39.999999999990024,-285.00000000000091,128.49999999999923
RightArm@HumanoidUpperBody,body3,어깨_팔꿈치_연결부_260416_URDF,body3.어깨_팔꿈치_연결부_260416_URDF@RightArm@HumanoidUpperBody,,-44.000000000006807,-293.00000000000108,112.99999999999915,43.999999999993193,-285.00000000000108,202.99999999999912
RightArm@HumanoidUpperBody,body3,NONE,body3.NONE@RightArm@HumanoidUpperBody,,-40.0000000000084,-382.99999999999909,133.49999999999929,39.9999999999916,-302.99999999999909,199.99999999999929
RightArm@HumanoidUpperBody,body3,________11,body3.________11@RightArm@HumanoidUpperBody,,-26.500000000008338,-369.49999999999909,143.99999999999997,26.499999999991658,-316.49999999999903,200.99999999999952
RightArm@HumanoidUpperBody,body3,베어링_6708U_H_URDF,body3.베어링_6708U_H_URDF@RightArm@HumanoidUpperBody,,-25.000000000009994,-368,119.49999999999952,24.99999999999001,-317.99999999999994,125.49999999999953
RightArm@HumanoidUpperBody,body3,팔꿈치_끝단베어링_체결부_260417_URDF,body3.팔꿈치_끝단베어링_체결부_260417_URDF@RightArm@HumanoidUpperBody,,-40.500000000009514,-383.49999999999989,128.4999999999992,40.499999999990486,-302.49999999999994,134.4999999999992
RightArm@HumanoidUpperBody,body3,어깨_팔꿈치_연결부_샤프트_260413_URDF3,body3.어깨_팔꿈치_연결부_샤프트_260413_URDF3@RightArm@HumanoidUpperBody,,-42.183766184080746,-287.999999999999,191.1837661840741,-34.183766184080739,-100.99999999999898,199.1837661840741
RightArm@HumanoidUpperBody,body2,어깨_Roll_연결부_260423_URDF,body2.어깨_Roll_연결부_260423_URDF@RightArm@HumanoidUpperBody,,-50.999999999999062,-89.9999999999988,122.99999999999991,-37.999999999999076,34.000000000001,190.99999999999991
RightArm@HumanoidUpperBody,body2,어깨_Roll_Yaw_연결부_260422_URDF,body2.어깨_Roll_Yaw_연결부_260422_URDF@RightArm@HumanoidUpperBody,,-51.0000000000022,-97.000000000000014,122.99999999999977,53.999999999997755,-72.00000000000135,190.99999999999977
RightArm@HumanoidUpperBody,body2,어깨_Roll_베어링_연결부_260423_URDF,body2.어깨_Roll_베어링_연결부_260423_URDF@RightArm@HumanoidUpperBody,,40.00000000000059,-90.000000000001521,131.99999999999983,54.000000000000661,24.999999999998497,181.99999999999983
RightArm@HumanoidUpperBody,body2,어깨_Roll베어링_고정파트_URDF기본,body2.어깨_Roll베어링_고정파트_URDF기본@RightArm@HumanoidUpperBody,,-53.000000000001371,-80.00000000000162,169.99999999999952,55.999999999998586,-51.000000000001656,187.99999999999952
RightArm@HumanoidUpperBody,body2,어깨_Roll베어링_고정파트_URDF기본1,body2.어깨_Roll베어링_고정파트_URDF기본1@RightArm@HumanoidUpperBody,,-53.000000000001371,-80.000000000001563,125.99999999999986,55.999999999998586,-51.000000000001663,143.99999999999989
RightArm@HumanoidUpperBody,body1,어깨_Roll모터_고정막대_260423_URDF,body1.어깨_Roll모터_고정막대_260423_URDF@RightArm@HumanoidUpperBody,,-34.499999999999439,-21.000000000000917,207,33.500000000000561,20.999999999999087,213
RightArm@HumanoidUpperBody,body1,베어링_6809_URDF,body1.베어링_6809_URDF@RightArm@HumanoidUpperBody,,40.00000000000076,-29.000000000001261,128,47.00000000000076,28.999999999998742,186
RightArm@HumanoidUpperBody,body1,어깨_Pitch_고정연결부_260423_Right_어깨양단지지_B_URDF,body1.어깨_Pitch_고정연결부_260423_Right_어깨양단지지_B_URDF@RightArm@HumanoidUpperBody,,32.00000000000135,-50.00000000000108,92,40.000000000001343,49.999999999998927,215
RightArm@HumanoidUpperBody,body1,어깨_Pitch_고정연결부_260423_Right_어깨양단지지_B_URDF1,body1.어깨_Pitch_고정연결부_260423_Right_어깨양단지지_B_URDF1@RightArm@HumanoidUpperBody,,40.000000000000938,-35.000000000001265,122,47.000000000000945,34.999999999998742,192
RightArm@HumanoidUpperBody,body1,어깨_Pitch_고정연결부_260423_A_URDF,body1.어깨_Pitch_고정연결부_260423_A_URDF@RightArm@HumanoidUpperBody,,-40.999999999998664,-49.999999999999091,92,-32.999999999998657,50.000000000000909,215
RightArm@HumanoidUpperBody,body1,어깨_Pitch_회전부_260423_Right_어깨양단지지_URDF,body1.어깨_Pitch_회전부_260423_Right_어깨양단지지_URDF@RightArm@HumanoidUpperBody,,-40.999999999999353,-34,86,40.000000000000647,34,100
RightArm@HumanoidUpperBody,body1,_________46,body1._________46@RightArm@HumanoidUpperBody,,15.100000000001176,-47.895300300244884,109.10469969975534,25.600000000000872,47.895300300244692,204.89530030024483
RightArm@HumanoidUpperBody,body1,____2,body1.____2@RightArm@HumanoidUpperBody,,23.100000000001295,-47.895300300245218,109.10469969975534,36.000000000001286,47.89530030024433,204.89530030024494
RightArm@HumanoidUpperBody,body1,_________4,body1._________4@RightArm@HumanoidUpperBody,,-10.399999999998833,-47.895300300244635,109.10469969975534,16.600000000001295,47.895300300244777,204.89530030024477
RightArm@HumanoidUpperBody,body1,_________1,body1._________1@RightArm@HumanoidUpperBody,,-39.500000000001116,-45.457024313276108,144.97665698672381,-32.000000000001108,-40.4570243132761,149.97665698672384
RightArm@HumanoidUpperBody,body1,_________11,body1._________11@RightArm@HumanoidUpperBody,,-39.499999999998785,40.457024313277941,164.02334301327647,-31.999999999998778,45.457024313277941,169.02334301327647
RightArm@HumanoidUpperBody,body1,________2,body1.________2@RightArm@HumanoidUpperBody,,-36.9999999999987,-47.999999999998586,109.00000000000004,-31.999999999998696,48.000000000001414,205.00000000000006
RightArm@HumanoidUpperBody,body1,____mm_______1,body1.____mm_______1@RightArm@HumanoidUpperBody,,-39.999999999999162,-31.999999999999488,125.00000000000023,-26.999999999999208,32.000000000000512,189.00000000000023
RightArm@HumanoidUpperBody,body1,_________12,body1._________12@RightArm@HumanoidUpperBody,,-39.999999999999687,-12.499999999999394,144.5000000000002,23.500000000000174,12.500000000000608,169.50000000000023
RightArm@HumanoidUpperBody,body1,____3,body1.____3@RightArm@HumanoidUpperBody,,-31.999999999998696,-47.9999999999987,109.00000000000004,-8.8999999999987018,48.000000000001307,205.00000000000006
RightArm@HumanoidUpperBody,body0,어깨_고정막대_260423_URDF,body0.어깨_고정막대_260423_URDF@RightArm@HumanoidUpperBody,,-55.999999999999993,-21.000000000000394,12.000000000000178,-49.999999999999986,20.999999999999602,85.000000000000156
RightArm@HumanoidUpperBody,body0,어깨_Pitch모터_고정막대_260423_URDF,body0.어깨_Pitch모터_고정막대_260423_URDF@RightArm@HumanoidUpperBody,,50.000000000000043,-21.000000000000394,12.000000000000149,56.00000000000005,20.999999999999602,85.000000000000128
RightArm@HumanoidUpperBody,body0,어깨_Pitch_고정부_B_260529_URDF,body0.어깨_Pitch_고정부_B_260529_URDF@RightArm@HumanoidUpperBody,,-58.000000000000021,-50.000000000000007,-2.9999999999999982,58.000000000000036,49.999999999999993,14.000000000000002
RightArm@HumanoidUpperBody,body0,어깨_Pitch_고정부_A_260423_URDF,body0.어깨_Pitch_고정부_A_260423_URDF@RightArm@HumanoidUpperBody,,-57.9999999999995,-50.000000000000291,83.000000000000071,58.000000000000561,49.999999999999709,91.000000000000085
RightArm@HumanoidUpperBody,body0,_________46,body0._________46@RightArm@HumanoidUpperBody,,-47.457075017481863,-47.457075017482794,22.400000000000116,47.457075017482836,47.457075017482019,32.9000000000002
RightArm@HumanoidUpperBody,body0,____2,body0.____2@RightArm@HumanoidUpperBody,,-47.457075017481777,-47.457075017482659,12.000000000000183,47.457075017482772,47.45707501748182,24.90000000000018
RightArm@HumanoidUpperBody,body0,_________4,body0._________4@RightArm@HumanoidUpperBody,,-47.457075017482,-47.457075017482865,31.400000000000176,47.457075017483035,47.457075017482005,58.400000000000205
RightArm@HumanoidUpperBody,body0,_________1,body0._________1@RightArm@HumanoidUpperBody,,-37.407546972813364,24.28550287638447,80.00000000000027,-32.407546972813357,29.285502876384466,87.50000000000027
RightArm@HumanoidUpperBody,body0,_________11,body0._________11@RightArm@HumanoidUpperBody,,32.407546972813442,-29.285502876385124,80.000000000000156,37.407546972813449,-24.285502876385124,87.500000000000156
RightArm@HumanoidUpperBody,body0,________2,body0.________2@RightArm@HumanoidUpperBody,,-47.999999999999481,-48.000000000000462,80.0000000000002,48.000000000000519,47.999999999999545,85.0000000000002
RightArm@HumanoidUpperBody,body0,____mm_______1,body0.____mm_______1@RightArm@HumanoidUpperBody,,-32.000000000000448,-32.0000000000002,75.000000000000185,31.999999999999556,31.9999999999998,88.0000000000002
RightArm@HumanoidUpperBody,body0,_________12,body0._________12@RightArm@HumanoidUpperBody,,-12.500000000000446,-12.500000000000203,24.500000000000203,12.499999999999554,12.4999999999998,88.000000000000213
RightArm@HumanoidUpperBody,body0,____3,body0.____3@RightArm@HumanoidUpperBody,,-47.999999999999488,-48.000000000000455,56.900000000000183,48.000000000000512,47.999999999999552,80.0000000000002
RightArm@HumanoidUpperBody,body6_1,C1_손목_Yaw_링크_260511_Left_URDF,body6_1.C1_손목_Yaw_링크_260511_Left_URDF@RightArm@HumanoidUpperBody,,38.799984926071744,-623.50001562500927,189.50001650773132,49.799988661201432,-530.50001562501041,202.50001650773061
RightArm@HumanoidUpperBody,body6_1,C1_SWSPS12_6_10,body6_1.C1_SWSPS12_6_10@RightArm@HumanoidUpperBody,,42.79998702482095,-623.00001562500938,190.000014606818,43.799987994204912,-611.00001562500938,202.00001460681736
RightArm@HumanoidUpperBody,body6_1,C1_SWSPS12_6_101,body6_1.C1_SWSPS12_6_101@RightArm@HumanoidUpperBody,,49.799987024831168,-543.00001562501041,190.00001694127235,50.79998799421513,-531.00001562501041,202.0000169412717
RightArm@HumanoidUpperBody,body6_1,C1_SWSPS12_6_102,body6_1.C1_SWSPS12_6_102@RightArm@HumanoidUpperBody,,37.799987024820034,-623.00001562500961,190.00001293935119,38.799987994203981,-611.00001562500961,202.00001293935054
RightArm@HumanoidUpperBody,body6_1,C1_SWSPS12_6_103,body6_1.C1_SWSPS12_6_103@RightArm@HumanoidUpperBody,,44.799986993737008,-543.00001562500961,190.00001527380707,45.799986993736958,-531.00001562500961,202.00001527380641
RightArm@HumanoidUpperBody,body6_1,C1_Body11,body6_1.C1_Body11@RightArm@HumanoidUpperBody,,39.799985875307016,-622.00001562501018,191.0000142733239,42.799985875306852,-612.00001562501018,201.00001427332333
RightArm@HumanoidUpperBody,body6_1,C1_Body111,body6_1.C1_Body111@RightArm@HumanoidUpperBody,,46.799986932966419,-542.00001562501018,191.00001660777923,49.799986932966256,-532.00001562501018,201.00001660777869
RightArm@HumanoidUpperBody,body6_2,C1_DBSY4_7_51,body6_2.C1_DBSY4_7_51@RightArm@HumanoidUpperBody,,38.799986469985484,-542.00001562501075,191.00001787505323,53.599986823846095,-532.00001562501075,201.00001787505266
RightArm@HumanoidUpperBody,body6_2,C1_SWSPS12_6_101,body6_2.C1_SWSPS12_6_101@RightArm@HumanoidUpperBody,,49.799987024831168,-543.00001562501041,190.00001694127235,50.79998799421513,-531.00001562501041,202.0000169412717
RightArm@HumanoidUpperBody,body6_2,C1_SWSPS12_6_103,body6_2.C1_SWSPS12_6_103@RightArm@HumanoidUpperBody,,44.799986993737008,-543.00001562500961,190.00001527380707,45.799986993736958,-531.00001562500961,202.00001527380641
RightArm@HumanoidUpperBody,body6_2,C1_Body111,body6_2.C1_Body111@RightArm@HumanoidUpperBody,,46.799986932966419,-542.00001562501018,191.00001660777923,49.799986932966256,-532.00001562501018,201.00001660777869
RightArm@HumanoidUpperBody,body6_2,C1_손목_Yaw_회전부_260420,body6_2.C1_손목_Yaw_회전부_260420@RightArm@HumanoidUpperBody,,34.799993763646988,-556.0000000000075,138.00001484027169,44.799997832262818,-518.0000000000075,201.0000148402651
LeftArm@HumanoidUpperBody,body6,C1_SWSPS12_6_10_URDF,body6.C1_SWSPS12_6_10_URDF@LeftArm@HumanoidUpperBody,,37.799885497124485,610.99999998101214,190.000114006698,38.799903169358913,622.99999998101214,202.00011400664621
LeftArm@HumanoidUpperBody,body6,C1_SWSPS12_6_10_URDF2,body6.C1_SWSPS12_6_10_URDF2@LeftArm@HumanoidUpperBody,,42.799885420195373,610.99999997856844,190.00012869827344,43.799903169337028,622.99999997856844,202.00012869822166
LeftArm@HumanoidUpperBody,body6,C1_손목_Pitch_링크고정부_260415_URDF,body6.C1_손목_Pitch_링크고정부_260415_URDF@LeftArm@HumanoidUpperBody,,-33.500098294745953,587.99999999997681,184.49990156654167,33.4999193348553,645.99999999997681,190.50009843362602
LeftArm@HumanoidUpperBody,body6,C1_손목_Pitch_고정부_260415_URDF,body6.C1_손목_Pitch_고정부_260415_URDF@LeftArm@HumanoidUpperBody,,-33.4999205266837,587.999999999977,122.9999103817524,33.500099159884734,645.999999999977,130.00009843388722
LeftArm@HumanoidUpperBody,body6,C1_손목_Pitch_링크고정부2_260408_URDF,body6.C1_손목_Pitch_링크고정부2_260408_URDF@LeftArm@HumanoidUpperBody,,18.649868792625291,599.99999998841736,190.50006067627731,37.799900821496664,633.99999998792862,202.00011018683671
LeftArm@HumanoidUpperBody,body6,C1_손목_Pitch_베어링체결부_260409_URDF,body6.C1_손목_Pitch_베어링체결부_260409_URDF@LeftArm@HumanoidUpperBody,,28.499915220404983,608.49999998433611,128.00008374232041,37.000014090760672,625.499999984336,185.90009549533076
LeftArm@HumanoidUpperBody,body6,C1_FL6700ZZ_Right_어깨양단지지_URDF,body6.C1_FL6700ZZ_Right_어깨양단지지_URDF@LeftArm@HumanoidUpperBody,,-37.000014851324536,608.75000001610522,148.69990303585359,-32.999975477918611,625.25000001610522,165.1999030357824
LeftArm@HumanoidUpperBody,body6,C1_________11,body6.C1_________11@LeftArm@HumanoidUpperBody,,-27.500083607937562,589.49999999997692,127.99993525571479,27.500076529996814,644.49999999997692,186.00007933459744
LeftArm@HumanoidUpperBody,body6,C1_NONE,body6.C1_NONE@LeftArm@HumanoidUpperBody,,-17.499917593178768,599.499999999977,124.99994857983972,17.500094159930473,634.49999999997692,133.50004407504309
LeftArm@HumanoidUpperBody,body6,C1_손목_Pitch_베어링체결부_260407_URDF,body6.C1_손목_Pitch_베어링체결부_260407_URDF@LeftArm@HumanoidUpperBody,,-37.00001382291363,608.50000001405363,127.99990450510057,-28.499914650808289,625.50000001405351,185.89991625811098
LeftArm@HumanoidUpperBody,body6,C1_FL6700ZZ_Right_어깨양단지지_URDF1,body6.C1_FL6700ZZ_Right_어깨양단지지_URDF1@LeftArm@HumanoidUpperBody,,32.999985148373362,608.74999998345641,148.70009931530089,37.000021877295744,625.24999998345629,165.20009931522969
LeftArm@HumanoidUpperBody,body7,C1_손목_Pitch_회전부2_260415_URDF,body7.C1_손목_Pitch_회전부2_260415_URDF@LeftArm@HumanoidUpperBody,,-27.499999832742226,668.49999999679994,114.99996474061626,27.500000167257774,685.49999999997692,184.50000000021595
LeftArm@HumanoidUpperBody,body7,C1_손목_Pitch_회전부_260415_URDF,body7.C1_손목_Pitch_회전부_260415_URDF@LeftArm@HumanoidUpperBody,,-18.999910835047615,597.999999999977,114.99994505390501,19.000122661580249,684.49999999435613,127.00005494683717
LeftArm@HumanoidUpperBody,body5,손목_샤프트_260408_URDF,body5.손목_샤프트_260408_URDF@LeftArm@HumanoidUpperBody,,-34.800000000001148,564.00000000000045,141.00000000000642,34.799999999998846,570.00000000000045,147.00000000000642
LeftArm@HumanoidUpperBody,body5,손목_샤프트_260408_URDF1,body5.손목_샤프트_260408_URDF1@LeftArm@HumanoidUpperBody,,-34.8000000000017,564.00000000000034,167.00000000000642,34.799999999998292,570.00000000000034,173.00000000000642
LeftArm@HumanoidUpperBody,body5,손목_Yaw_01_URDF,body5.손목_Yaw_01_URDF@LeftArm@HumanoidUpperBody,,-37.800000000001035,508.4999999999805,128.50000000021865,-22.7000000000011,565.49999999998045,185.50000000021865
LeftArm@HumanoidUpperBody,body5,손목_Roll_회전부3_260526_v2_URDF,body5.손목_Roll_회전부3_260526_v2_URDF@LeftArm@HumanoidUpperBody,,33.7999999999982,498.00000000006884,129.00000000044628,36.7999999999982,632.00000000006889,185.00000000044628
LeftArm@HumanoidUpperBody,body5,손목_Roll_회전부2_260409_v2_URDF,body5.손목_Roll_회전부2_260409_v2_URDF@LeftArm@HumanoidUpperBody,,-36.800000000001056,497.99999999999989,129.00000000000236,-33.800000000001049,632,185.00000000000236
LeftArm@HumanoidUpperBody,body5,________11,body5.________11@LeftArm@HumanoidUpperBody,,-24.200000000000937,509.49999999997954,129.43331100813219,33.799999999999045,564.49999999997942,184.50000000021734
LeftArm@HumanoidUpperBody,body5,NONE,body5.NONE@LeftArm@HumanoidUpperBody,,28.2999999999991,519.49999999997954,139.50000000021717,36.799999999999088,554.49999999997942,174.5000000002172
LeftArm@HumanoidUpperBody,body5,손목_Roll_회전부_260409_v2_URDF,body5.손목_Roll_회전부_260409_v2_URDF@LeftArm@HumanoidUpperBody,,-36.800000000001113,491.49999999999983,129.00000000000256,36.799999999998889,502.49999999999972,185.00000000000256
LeftArm@HumanoidUpperBody,body4,손목_Roll_체결부_260415_v2_URDF,body4.손목_Roll_체결부_260415_v2_URDF@LeftArm@HumanoidUpperBody,,-41.500000000000782,488.50000000000028,115.50000000000085,41.499999999999226,495.50000000000028,198.50000000000088
LeftArm@HumanoidUpperBody,body4,NONE,body4.NONE@LeftArm@HumanoidUpperBody,,-40.000000000000789,426.00000000000006,117.00000000000088,39.999999999999211,492.50000000000006,197.00000000000091
LeftArm@HumanoidUpperBody,body4,________11,body4.________11@LeftArm@HumanoidUpperBody,,-26.5000000000008,436.50000000000023,130.50000000000091,26.499999999999197,493.50000000000017,183.50000000000091
LeftArm@HumanoidUpperBody,body4,팔꿈치_Pitchl베어링_고정파트_URDF기본,body4.팔꿈치_Pitchl베어링_고정파트_URDF기본@LeftArm@HumanoidUpperBody,,-32.00000000000167,379.00000000000006,112.99999999999986,-14.000000000001789,393.99999999999994,209.99999999999986
LeftArm@HumanoidUpperBody,body4,팔꿈치_Pitchl베어링_고정파트_URDF기본1,body4.팔꿈치_Pitchl베어링_고정파트_URDF기본1@LeftArm@HumanoidUpperBody,,13.999999999998238,379.00000000000023,113.000000000001,31.999999999998348,394.00000000000011,210.00000000000097
LeftArm@HumanoidUpperBody,body4,팔꿈치_손목_연결부_샤프트_260413_URDF,body4.팔꿈치_손목_연결부_샤프트_260413_URDF@LeftArm@HumanoidUpperBody,,30.587572106359389,412.00000000000017,187.58757210636276,36.587572106359396,490.00000000000023,193.58757210636276
LeftArm@HumanoidUpperBody,body4,팔꿈치_손목_연결부_샤프트_260413_URDF1,body4.팔꿈치_손목_연결부_샤프트_260413_URDF1@LeftArm@HumanoidUpperBody,,30.58757210636092,412.00000000000034,120.41242789364051,36.587572106360923,490.00000000000045,126.41242789364051
LeftArm@HumanoidUpperBody,body4,팔꿈치_손목_연결부_샤프트_260413_URDF2,body4.팔꿈치_손목_연결부_샤프트_260413_URDF2@LeftArm@HumanoidUpperBody,,-36.587572106362273,412.00000000000006,187.58757210636145,-30.587572106362266,490.00000000000011,193.58757210636145
LeftArm@HumanoidUpperBody,body4,팔꿈치_손목_연결부_샤프트_260413_URDF3,body4.팔꿈치_손목_연결부_샤프트_260413_URDF3@LeftArm@HumanoidUpperBody,,-36.587572106360973,412.00000000000045,120.41242789363909,-30.58757210636097,490.00000000000057,126.41242789363911
LeftArm@HumanoidUpperBody,body4,팔꿈치_Pitch_회전부3_260422_URDF,body4.팔꿈치_Pitch_회전부3_260422_URDF@LeftArm@HumanoidUpperBody,,-43.000000000001577,409.00000000000011,115.00000000000119,42.999999999998415,415.00000000000011,208.00000000000119
LeftArm@HumanoidUpperBody,body4,팔꿈치_Pitch_회전부_260427_URDF,body4.팔꿈치_Pitch_회전부_260427_URDF@LeftArm@HumanoidUpperBody,,-28.500000000001716,314.5,199.00000000000065,28.499999999998288,415.00000000000006,208.00000000000065
LeftArm@HumanoidUpperBody,body4,팔꿈치_Pitch_회전부2_260427_URDF,body4.팔꿈치_Pitch_회전부2_260427_URDF@LeftArm@HumanoidUpperBody,,-26.499999999999815,316.50000000000063,115.00000000000105,26.500000000000185,415.00000000000063,125.50000000000047
LeftArm@HumanoidUpperBody,body3,베어링_6708U_H_URDF,body3.베어링_6708U_H_URDF@LeftArm@HumanoidUpperBody,,-24.99999999999855,317.99999999999875,119.50000000000172,25.000000000001453,367.99999999999875,125.50000000000172
LeftArm@HumanoidUpperBody,body3,어깨_Yaw_체결부_260415_URDF,body3.어깨_Yaw_체결부_260415_URDF@LeftArm@HumanoidUpperBody,,-49.500000000000114,94.999999999998693,107.49999999999999,49.499999999999893,102.99999999999871,206.50000000000003
LeftArm@HumanoidUpperBody,body3,_________46,body3._________46@LeftArm@HumanoidUpperBody,,-45.0000000000001,150.09999999999863,112.00000000000077,44.999999999999893,160.59999999999869,202.00000000000074
LeftArm@HumanoidUpperBody,body3,____2,body3.____2@LeftArm@HumanoidUpperBody,,-45.000000000000085,158.09999999999863,112.00000000000077,44.999999999999908,170.99999999999861,202.0000000000008
LeftArm@HumanoidUpperBody,body3,_________4,body3._________4@LeftArm@HumanoidUpperBody,,-45.000000000000121,124.59999999999866,112.00000000000077,44.999999999999872,151.59999999999863,202.00000000000074
LeftArm@HumanoidUpperBody,body3,_________1,body3._________1@LeftArm@HumanoidUpperBody,,-43.150699430497255,95.499999999998863,137.66192897593686,-38.150699430497255,102.99999999999886,142.66192897593686
LeftArm@HumanoidUpperBody,body3,_________11,body3._________11@LeftArm@HumanoidUpperBody,,38.150699430496246,95.499999999998693,171.33807102406371,43.150699430496253,102.99999999999871,176.33807102406371
LeftArm@HumanoidUpperBody,body3,________2,body3.________2@LeftArm@HumanoidUpperBody,,-48.000000000000156,97.99999999999865,109.0000000000006,47.999999999999851,102.99999999999865,205.00000000000063
LeftArm@HumanoidUpperBody,body3,____mm_______1,body3.____mm_______1@LeftArm@HumanoidUpperBody,,-32.000000000000867,94.999999999998678,124.99999999999991,31.999999999999133,107.99999999999869,188.99999999999991
LeftArm@HumanoidUpperBody,body3,_________12,body3._________12@LeftArm@HumanoidUpperBody,,-12.500000000000865,94.999999999998721,144.49999999999989,12.499999999999137,158.49999999999872,169.49999999999991
LeftArm@HumanoidUpperBody,body3,____3,body3.____3@LeftArm@HumanoidUpperBody,,-48.000000000000156,102.99999999999865,109.00000000000065,47.999999999999851,126.09999999999863,205.00000000000063
LeftArm@HumanoidUpperBody,body3,팔꿈치_스토퍼_260424_URDF,body3.팔꿈치_스토퍼_260424_URDF@LeftArm@HumanoidUpperBody,,-39.9999999999998,323.46353159845307,115.00000000000044,-29.318031853239205,349.29054507945432,125.50000000000044
LeftArm@HumanoidUpperBody,body3,어깨_팔꿈치_연결부_샤프트_260413_URDF,body3.어깨_팔꿈치_연결부_샤프트_260413_URDF@LeftArm@HumanoidUpperBody,,-42.183766184074209,100.99999999999915,191.18376618407351,-34.1837661840742,287.99999999999915,199.18376618407351
LeftArm@HumanoidUpperBody,body3,어깨_팔꿈치_연결부_샤프트_260413_URDF1,body3.어깨_팔꿈치_연결부_샤프트_260413_URDF1@LeftArm@HumanoidUpperBody,,-42.18376618407359,100.99999999999898,114.81623381592624,-34.18376618407359,287.999999999999,122.81623381592624
LeftArm@HumanoidUpperBody,body3,어깨_팔꿈치_연결부_샤프트_260413_URDF2,body3.어깨_팔꿈치_연결부_샤프트_260413_URDF2@LeftArm@HumanoidUpperBody,,34.183766184073662,100.99999999999848,114.81623381592712,42.183766184073669,287.99999999999847,122.81623381592713
LeftArm@HumanoidUpperBody,body3,어깨_Yaw_팔꿈치_연결부_B_260423_URDF,body3.어깨_Yaw_팔꿈치_연결부_B_260423_URDF@LeftArm@HumanoidUpperBody,,-39.999999999999147,284.99999999999858,119.49999999999952,40.000000000000853,382.99999999999881,128.49999999999955
LeftArm@HumanoidUpperBody,body3,팔꿈치_끝단베어링_체결부_260417_URDF,body3.팔꿈치_끝단베어링_체결부_260417_URDF@LeftArm@HumanoidUpperBody,,-40.5000000000001,302.49999999999875,128.50000000000202,40.499999999999908,383.49999999999875,134.50000000000205
LeftArm@HumanoidUpperBody,body3,어깨_팔꿈치_연결부_260416_URDF,body3.어깨_팔꿈치_연결부_260416_URDF@LeftArm@HumanoidUpperBody,,-44.000000000001478,284.99999999999858,113.00000000000175,43.999999999998522,292.99999999999858,203.00000000000173
LeftArm@HumanoidUpperBody,body3,어깨_팔꿈치_연결부_샤프트_260413_URDF3,body3.어깨_팔꿈치_연결부_샤프트_260413_URDF3@LeftArm@HumanoidUpperBody,,34.183766184072496,100.99999999999865,191.18376618407436,42.183766184072489,287.99999999999864,199.18376618407439
LeftArm@HumanoidUpperBody,body3,NONE,body3.NONE@LeftArm@HumanoidUpperBody,,-40.000000000001357,302.9999999999975,133.50000000000196,39.99999999999865,382.99999999999744,200.00000000000202
LeftArm@HumanoidUpperBody,body3,________11,body3.________11@LeftArm@HumanoidUpperBody,,-26.500000000001414,316.49999999999744,144.00000000000125,26.499999999998582,369.4999999999975,201.00000000000173
LeftArm@HumanoidUpperBody,body3,어깨_Yaw_팔꿈치_연결부_260423_URDF,body3.어깨_Yaw_팔꿈치_연결부_260423_URDF@LeftArm@HumanoidUpperBody,,-40.00000000000157,284.99999999999869,198.0000000000021,39.99999999999843,382.99999999999869,201.0000000000021
LeftArm@HumanoidUpperBody,body2,어깨_Roll베어링_고정파트_URDF기본,body2.어깨_Roll베어링_고정파트_URDF기본@LeftArm@HumanoidUpperBody,,-52.999999999999943,50.999999999998721,169.99999999999974,56.000000000000057,79.999999999998678,187.99999999999974
LeftArm@HumanoidUpperBody,body2,어깨_Roll베어링_고정파트_URDF기본1,body2.어깨_Roll베어링_고정파트_URDF기본1@LeftArm@HumanoidUpperBody,,-52.999999999999517,50.99999999999833,125.9999999999998,56.000000000000483,79.999999999998238,143.99999999999983
LeftArm@HumanoidUpperBody,body2,어깨_Roll_베어링_연결부_260423_URDF,body2.어깨_Roll_베어링_연결부_260423_URDF@LeftArm@HumanoidUpperBody,,40.000000000000007,-25.000000000001272,132.00000000000006,54.00000000000005,89.9999999999987,182.00000000000011
LeftArm@HumanoidUpperBody,body2,어깨_Roll_Yaw_연결부_260422_URDF,body2.어깨_Roll_Yaw_연결부_260422_URDF@LeftArm@HumanoidUpperBody,,-51.000000000000007,71.999999999998607,123.00000000000011,53.999999999999993,96.999999999998607,191.00000000000011
LeftArm@HumanoidUpperBody,body2,어깨_Roll_연결부_260511_Left_URDF,body2.어깨_Roll_연결부_260511_Left_URDF@LeftArm@HumanoidUpperBody,,-50.999999999999993,-34.000000000001165,123,-38.000000000000007,89.999999999998792,191
LeftArm@HumanoidUpperBody,body1,어깨_Roll모터_고정막대_260423_URDF,body1.어깨_Roll모터_고정막대_260423_URDF@LeftArm@HumanoidUpperBody,,-34.500000000000838,-21.000000000000309,207,33.499999999999169,20.999999999999687,213
LeftArm@HumanoidUpperBody,body1,베어링_6809_URDF,body1.베어링_6809_URDF@LeftArm@HumanoidUpperBody,,39.999999999998714,-29.000000000000295,128,46.999999999998721,28.999999999999705,186
LeftArm@HumanoidUpperBody,body1,어깨_Pitch_고정연결부_260511_B_Left_URDF,body1.어깨_Pitch_고정연결부_260511_B_Left_URDF@LeftArm@HumanoidUpperBody,,31.999999999999066,-50.000000000000362,92,39.999999999999069,49.999999999999645,215
LeftArm@HumanoidUpperBody,body1,어깨_Pitch_고정연결부_260511_B_Left_URDF1,body1.어깨_Pitch_고정연결부_260511_B_Left_URDF1@LeftArm@HumanoidUpperBody,,39.999999999999289,-35.000000000000263,122,46.999999999999289,34.999999999999744,192
LeftArm@HumanoidUpperBody,body1,어깨_Pitch_고정연결부_260511_A_Left_URDF,body1.어깨_Pitch_고정연결부_260511_A_Left_URDF@LeftArm@HumanoidUpperBody,,-41.000000000000952,-50.000000000001513,92,-33.000000000000945,49.999999999998494,215
LeftArm@HumanoidUpperBody,body1,어깨_Pitch_회전부_260423_Right_어깨양단지지_URDF,body1.어깨_Pitch_회전부_260423_Right_어깨양단지지_URDF@LeftArm@HumanoidUpperBody,,-41.00000000000054,-34.000000000001,86,39.99999999999946,33.999999999999005,100
LeftArm@HumanoidUpperBody,body1,_________46,body1._________46@LeftArm@HumanoidUpperBody,,15.099999999999884,-47.975019465342768,109.02498053465743,25.599999999999895,47.975019465341411,204.97501946534163
LeftArm@HumanoidUpperBody,body1,____2,body1.____2@LeftArm@HumanoidUpperBody,,23.099999999999884,-47.975019465342648,109.02498053465737,35.999999999999893,47.975019465341425,204.97501946534163
LeftArm@HumanoidUpperBody,body1,_________4,body1._________4@LeftArm@HumanoidUpperBody,,-10.400000000000121,-47.975019465342747,109.02498053465739,16.599999999999884,47.975019465341383,204.97501946534169
LeftArm@HumanoidUpperBody,body1,_________1,body1._________1@LeftArm@HumanoidUpperBody,,-39.500000000000085,-24.831687970271428,192.41168305942725,-32.000000000000078,-19.831687970271428,197.41168305942725
LeftArm@HumanoidUpperBody,body1,_________11,body1._________11@LeftArm@HumanoidUpperBody,,-39.500000000000163,19.831687970269883,116.58831694057278,-32.000000000000163,24.831687970269879,121.58831694057278
LeftArm@HumanoidUpperBody,body1,________2,body1.________2@LeftArm@HumanoidUpperBody,,-37.000000000000114,-48.0000000000007,108.99999999999955,-32.000000000000114,47.999999999999304,204.99999999999952
LeftArm@HumanoidUpperBody,body1,____mm_______1,body1.____mm_______1@LeftArm@HumanoidUpperBody,,-40.000000000000128,-32.000000000000853,125.00000000000053,-27.000000000000128,31.999999999999147,189.00000000000054
LeftArm@HumanoidUpperBody,body1,_________12,body1._________12@LeftArm@HumanoidUpperBody,,-40.000000000000128,-12.500000000000851,144.50000000000051,23.49999999999989,12.499999999999151,169.50000000000054
LeftArm@HumanoidUpperBody,body1,____3,body1.____3@LeftArm@HumanoidUpperBody,,-32.000000000000121,-48.0000000000007,108.99999999999955,-8.9000000000001087,47.999999999999304,204.99999999999952
LeftArm@HumanoidUpperBody,body0,어깨_고정막대_260423_URDF,body0.어깨_고정막대_260423_URDF@LeftArm@HumanoidUpperBody,,49.999999999999886,-20.999999999999979,12.000000000000025,55.999999999999893,21.000000000000018,85
LeftArm@HumanoidUpperBody,body0,어깨_Pitch모터_고정막대_260423_URDF,body0.어깨_Pitch모터_고정막대_260423_URDF@LeftArm@HumanoidUpperBody,,-56.0000000000002,-20.999999999999766,11.999999999999927,-50.0000000000002,21.000000000000231,84.999999999999915
LeftArm@HumanoidUpperBody,body0,어깨_Pitch_고정부_B_Left_260529_URDF,body0.어깨_Pitch_고정부_B_Left_260529_URDF@LeftArm@HumanoidUpperBody,,-58.000000000000057,-50.000000000000028,-2.9999999999999925,58,49.999999999999972,14.000000000000068
LeftArm@HumanoidUpperBody,body0,어깨_Pitch_고정부_A_Left_260511_URDF,body0.어깨_Pitch_고정부_A_Left_260511_URDF@LeftArm@HumanoidUpperBody,,-58.0000000000003,-50.00000000000022,82.999999999999929,57.999999999999758,49.999999999999787,90.999999999999943
LeftArm@HumanoidUpperBody,body0,_________46,body0._________46@LeftArm@HumanoidUpperBody,,-47.457075017483142,-47.457075017482616,22.399999999999892,47.457075017482531,47.457075017483014,32.899999999999892
LeftArm@HumanoidUpperBody,body0,____2,body0.____2@LeftArm@HumanoidUpperBody,,-47.457075017483241,-47.457075017482666,11.999999999999892,47.457075017482723,47.457075017483106,24.899999999999903
LeftArm@HumanoidUpperBody,body0,_________4,body0._________4@LeftArm@HumanoidUpperBody,,-47.457075017483078,-47.457075017482516,31.3999999999999,47.457075017482396,47.457075017482907,58.3999999999999
LeftArm@HumanoidUpperBody,body0,_________1,body0._________1@LeftArm@HumanoidUpperBody,,-8.2431524576833652,-46.123573900447745,79.999999999999858,-3.2431524576833644,-41.123573900447738,87.499999999999872
LeftArm@HumanoidUpperBody,body0,_________11,body0._________11@LeftArm@HumanoidUpperBody,,3.2431524576828923,41.123573900447141,79.999999999999929,8.2431524576828927,46.123573900447148,87.499999999999943
LeftArm@HumanoidUpperBody,body0,________2,body0.________2@LeftArm@HumanoidUpperBody,,-48.000000000000355,-47.999999999999815,79.9999999999999,47.999999999999645,48.000000000000192,84.999999999999915
LeftArm@HumanoidUpperBody,body0,____mm_______1,body0.____mm_______1@LeftArm@HumanoidUpperBody,,-32.000000000000107,-32.000000000000782,74.9999999999999,31.999999999999897,31.999999999999215,87.999999999999915
LeftArm@HumanoidUpperBody,body0,_________12,body0._________12@LeftArm@HumanoidUpperBody,,-12.500000000000103,-12.500000000000783,24.499999999999883,12.499999999999899,12.499999999999218,87.999999999999915
LeftArm@HumanoidUpperBody,body0,____3,body0.____3@LeftArm@HumanoidUpperBody,,-48.000000000000355,-47.999999999999815,56.899999999999892,47.999999999999645,48.000000000000192,79.9999999999999
LeftArm@HumanoidUpperBody,body6_1,C1_손목_Yaw_링크_260420_Right,body6_1.C1_손목_Yaw_링크_260420_Right@LeftArm@HumanoidUpperBody,,38.799867321914412,530.49999997578266,189.500124878466,49.799899915098273,623.499999979204,202.50014544661531
LeftArm@HumanoidUpperBody,body6_1,C1_SWSPS12_6_10_URDF,body6_1.C1_SWSPS12_6_10_URDF@LeftArm@HumanoidUpperBody,,37.799885497124485,610.99999998101214,190.000114006698,38.799903169358913,622.99999998101214,202.00011400664621
LeftArm@HumanoidUpperBody,body6_1,C1_SWSPS12_6_10_URDF1,body6_1.C1_SWSPS12_6_10_URDF1@LeftArm@HumanoidUpperBody,,49.799885463429128,530.99999997514715,190.00014926647856,50.799903130205088,542.99999997514715,202.00014926642677
LeftArm@HumanoidUpperBody,body6_1,C1_SWSPS12_6_10_URDF2,body6_1.C1_SWSPS12_6_10_URDF2@LeftArm@HumanoidUpperBody,,42.799885420195373,610.99999997856844,190.00012869827344,43.799903169337028,622.99999997856844,202.00012869822166
LeftArm@HumanoidUpperBody,body6_1,C1_SWSPS12_6_10_URDF3,body6_1.C1_SWSPS12_6_10_URDF3@LeftArm@HumanoidUpperBody,,44.799885431126711,530.999999977591,190.00013457490326,45.799903130226589,542.999999977591,202.00013457485147
LeftArm@HumanoidUpperBody,body6_1,C1_Body11,body6_1.C1_Body11@LeftArm@HumanoidUpperBody,,39.799875307271606,611.99999997905729,191.00012575995405,42.799900231025987,621.99999997905729,201.00012575991084
LeftArm@HumanoidUpperBody,body6_1,C1_Body111,body6_1.C1_Body111@LeftArm@HumanoidUpperBody,,46.799870808760041,531.99999997565669,191.00014632815811,49.799900191897351,541.99999997565669,201.00014632811494
LeftArm@HumanoidUpperBody,body6_2,C1_DBSY4_7_51,body6_2.C1_DBSY4_7_51@LeftArm@HumanoidUpperBody,,38.799884604482472,531.99999997377859,191.00015749375655,53.5999001918778,541.99999997377859,201.00015749371337
LeftArm@HumanoidUpperBody,body6_2,C1_손목_Yaw_회전부_260420_URDF,body6_2.C1_손목_Yaw_회전부_260420_URDF@LeftArm@HumanoidUpperBody,,34.799947792662309,517.99999997822658,138.00010313515642,44.800055041121,555.99999997822658,201.0001307550462
LeftArm@HumanoidUpperBody,body6_2,C1_SWSPS12_6_10_URDF1,body6_2.C1_SWSPS12_6_10_URDF1@LeftArm@HumanoidUpperBody,,49.799885463429128,530.99999997514715,190.00014926647856,50.799903130205088,542.99999997514715,202.00014926642677
LeftArm@HumanoidUpperBody,body6_2,C1_SWSPS12_6_10_URDF3,body6_2.C1_SWSPS12_6_10_URDF3@LeftArm@HumanoidUpperBody,,44.799885431126711,530.999999977591,190.00013457490326,45.799903130226589,542.999999977591,202.00013457485147
LeftArm@HumanoidUpperBody,body6_2,C1_Body111,body6_2.C1_Body111@LeftArm@HumanoidUpperBody,,46.799870808760041,531.99999997565669,191.00014632815811,49.799900191897351,541.99999997565669,201.00014632811494
